-- MySQL dump 10.16  Distrib 10.1.25-MariaDB, for Win32 (AMD64)
--
-- Host: localhost    Database: recebimento
-- ------------------------------------------------------
-- Server version	10.1.25-MariaDB

/*!40101 SET @OLD_CHARACTER_SET_CLIENT=@@CHARACTER_SET_CLIENT */;
/*!40101 SET @OLD_CHARACTER_SET_RESULTS=@@CHARACTER_SET_RESULTS */;
/*!40101 SET @OLD_COLLATION_CONNECTION=@@COLLATION_CONNECTION */;
/*!40101 SET NAMES utf8 */;
/*!40103 SET @OLD_TIME_ZONE=@@TIME_ZONE */;
/*!40103 SET TIME_ZONE='+00:00' */;
/*!40014 SET @OLD_UNIQUE_CHECKS=@@UNIQUE_CHECKS, UNIQUE_CHECKS=0 */;
/*!40014 SET @OLD_FOREIGN_KEY_CHECKS=@@FOREIGN_KEY_CHECKS, FOREIGN_KEY_CHECKS=0 */;
/*!40101 SET @OLD_SQL_MODE=@@SQL_MODE, SQL_MODE='NO_AUTO_VALUE_ON_ZERO' */;
/*!40111 SET @OLD_SQL_NOTES=@@SQL_NOTES, SQL_NOTES=0 */;

--
-- Current Database: `recebimento`
--

CREATE DATABASE /*!32312 IF NOT EXISTS*/ `recebimento` /*!40100 DEFAULT CHARACTER SET latin1 */;

USE `recebimento`;

--
-- Table structure for table `compras`
--

DROP TABLE IF EXISTS `compras`;
/*!40101 SET @saved_cs_client     = @@character_set_client */;
/*!40101 SET character_set_client = utf8 */;
CREATE TABLE `compras` (
  `id` int(10) NOT NULL AUTO_INCREMENT,
  `nota_fiscal` varchar(50) NOT NULL,
  `valor_nota_fiscal` varchar(250) NOT NULL,
  `porcent_frete` varchar(250) DEFAULT NULL,
  `valor_frete` varchar(250) DEFAULT NULL,
  `cte` int(50) DEFAULT NULL,
  `veiculo_utilizado` varchar(50) DEFAULT NULL,
  `observacoes` text,
  `empresa_id` int(10) NOT NULL,
  `transportador_id` int(10) DEFAULT NULL,
  `fornecedor_id` int(10) DEFAULT NULL,
  `produtos_id` int(10) DEFAULT NULL,
  `tipo_frete_id` int(10) DEFAULT NULL,
  `oc` varchar(250) DEFAULT NULL,
  `forma_pagamento` varchar(250) DEFAULT NULL,
  `data_emissao` date NOT NULL,
  `produtos` text NOT NULL,
  PRIMARY KEY (`id`),
  KEY `fk_empresa_compras` (`empresa_id`),
  KEY `fk_fornecedor_compras` (`fornecedor_id`),
  KEY `fk_transportador_compras` (`transportador_id`),
  KEY `fk_tipofrete_compras` (`tipo_frete_id`),
  KEY `fk_produtos_compras` (`produtos_id`),
  CONSTRAINT `fk_empresa_compras` FOREIGN KEY (`empresa_id`) REFERENCES `empresa` (`id`),
  CONSTRAINT `fk_fornecedor_compras` FOREIGN KEY (`fornecedor_id`) REFERENCES `fornecedor` (`id`),
  CONSTRAINT `fk_produtos_compras` FOREIGN KEY (`produtos_id`) REFERENCES `produtos` (`id`),
  CONSTRAINT `fk_tipofrete_compras` FOREIGN KEY (`tipo_frete_id`) REFERENCES `tipo_frete` (`id`),
  CONSTRAINT `fk_transportador_compras` FOREIGN KEY (`transportador_id`) REFERENCES `transportador` (`id`)
) ENGINE=InnoDB AUTO_INCREMENT=294 DEFAULT CHARSET=latin1;
/*!40101 SET character_set_client = @saved_cs_client */;

--
-- Dumping data for table `compras`
--

LOCK TABLES `compras` WRITE;
/*!40000 ALTER TABLE `compras` DISABLE KEYS */;
INSERT INTO `compras` VALUES (7,'264259','600,00',NULL,'',NULL,'','VENDA CASADA ANA ALICE',2,15,18,NULL,5,'861','BOLETO BANCARIO','2018-01-02','PERFIL FOSCO DV029\r\n'),(8,'272','1.073,67',NULL,'',NULL,'','Obras diversas. Sol - Adriano',2,15,19,NULL,NULL,'s/oc','BOLETO BANCARIO','2018-01-05','USO E CONSUMO'),(9,'1415','80',NULL,'',NULL,'','REF. A SOLICITAÇÃO DO RH - CESTA BÁSICA FUNC. FRANK',1,15,21,NULL,5,'S/OC','A VISTA','2018-01-11','PRODUTOS USO E CONSUMO '),(10,'1375','515,00',NULL,'',NULL,'','REF. A COMPRA DE PÃO PARA EMPRESA - COMP 12/2017',1,15,22,NULL,5,'S/OC','DEPOSITO','2018-01-10','USO E CONSUMO'),(11,'15198','1576,80',NULL,'',NULL,'','SOL NEY  PARA USO E CONSUMO - GALPÃO',1,16,26,NULL,5,'OC 2329','BOLETO BANCÁRIO','2018-01-10','FITA ADESIVA PP33 HM TR 45mm x 50m'),(12,'2586701','980,00',NULL,'',NULL,'','REF A SERVIÇO DE TREINAMENTO',1,16,23,NULL,5,'S/OC','BOLETO BANCARIO','2018-01-10','REF A PARC DE JANEIRO DO CONTRATO DO CLUBE DO TREINAMENTO'),(13,'9','427,49',NULL,'',NULL,'','SOL FUNCIONARIOS EDIFIK - 12/2017\r\nVENC 11/01/2018',2,16,27,NULL,5,'S/OC','BOLETO BANCARIO','2018-01-05','EXAME LABORATÓRIAS E ASO 12-2017'),(14,'96121','191,23',NULL,'',NULL,'','USO E CONSUMO SOL EDIFIK',2,16,28,NULL,5,'S/OC','BOLETO BANCARIO','2018-01-09','PRODUTOS DE USO E CONSUMO '),(15,'8468','440,00',NULL,'',NULL,'','SOL ADRIANO OBRA ATMOSPHERE',2,16,29,NULL,5,'S/OC','A VISTA','2018-01-08','ARMAÇÃO PARA CONCRETO 1,22 X2,44X12MM'),(16,'223591','3.422,00',NULL,'',NULL,'','SOL ADRIANO OBRA ATMOSPHERE, PAGTO VIA DEPOSITO ANTECIPADO',2,16,30,NULL,5,'S/OC','PAGTO ANTECIPADO','2018-01-10','CALHA CHAPA ELETROGALV. 28 (0,43) (3.000x0.43x0.200\r\nCALHA CHAPA ELETROGALV. 28 (0,43) (3.000x0.43x0.150'),(17,'32214','1674,00',NULL,'',NULL,'','COMPRA DE NOTEBOOK, PARA SR PEDRO',2,15,31,NULL,5,'S/OC','A VISTA','2018-01-12','NOTEBOOK LENOVO IDEAPAD V310 I3-6006U 4GB 500GB DVDRW WIFI BT 80UF000LBR WIN 10 14 POLS'),(18,'265681','859,78',NULL,'',NULL,'','SOL ADRIANO - OBRA ATHMOSPHERE',2,15,18,NULL,5,'878','BOLETO BANCARIO','2018-01-12','GESSO ACES FITA MICR 5CMX150MT ; GESSO MASSA ACAB REJUNTE 30KG'),(19,'195','499,00',NULL,'',NULL,'','SOL TI, SERVIÇO DE INTERNET',1,16,32,NULL,5,'S/OC','BOLETO BANCARIO','2018-01-15','SERVIÇO TELECOM ACESSO A INTERNET SMART'),(20,'116465','132,81',NULL,'',NULL,'','CONSULTA SPC',1,16,33,NULL,5,'S/OC','BOLETO BANCARIO','2018-01-15','CONSULTA SPC'),(21,'16','190,00',NULL,'',NULL,'','REF A SERVIÇO DE INSTALAÇÃO DE POLIA EM MOTOR WEG 5CV E INSTALAÇÃO EM COMPRESSOR',2,16,34,NULL,5,'S/OC','BOLETO BANCARIO','2018-01-10','REF A SERVIÇO DE INSTALAÇÃO DE POLIA EM MOTOR WEG 5CV E INSTALAÇÃO EM COMPRESSOR'),(22,'203740','133,34',NULL,'',NULL,'','SOL ADRIANO / USO NAS OBRAS',2,16,35,NULL,5,'S/OC','A VISTA','2018-01-15','BROCA SDS PLUS-5X 14X200X260 BOSCH ; CHAVE BIELA GED 25B-14X14MM'),(23,'266241','4015,37',NULL,'',NULL,'','OBRA ATMOSPHERE\r\nSOL ADRIANO',2,16,18,NULL,5,'891','BOLETO BANCARIO','2018-01-17','GESSO PLACA ST 12.5X600X2000'),(24,'266239','2551,18',NULL,'',NULL,'','OBRA ATMOSPHERE\r\nSOL ADRIANO',2,16,18,NULL,5,'892','BOLETO BANCARIO','2018-01-16','GESSO PLACA RU 12.5X1200X2000 ; GESSO PLACA RU 12.5X1200X2000'),(25,'2622','912,59',NULL,'',NULL,'','SOL RH , MAT DE LIMPEZA USO NA EMPRESA',1,16,36,NULL,5,'2331','A VISTA','2018-01-12','MATERIAL DE LIMPEZA'),(26,'24025','1555,00',NULL,'',NULL,'','SOL ADRIANO, COMPRA DE MOTOR PARA USO NA EDIFIK',2,15,37,NULL,5,'S/OC','A VISTA','2018-01-17','MOTOR ELET 5CV 2P IP55 WEG 220/380/440V'),(27,'1175','670,51',NULL,'',NULL,'','SOL PEDRO PEDRO',2,15,38,NULL,5,'S/OC','BOLETO BANCARIO','2018-01-17','DIESEL'),(28,'27831','16626,41',NULL,'',NULL,'','SOL JURANDIR',2,1,39,NULL,4,'837','BOLETO BANCARIO','2018-01-11','CORD DE BOR (BT-1754/ ZFM) RL 50MTS ;  CORD DE BOR (BT-1129/ ZFM) RL 50MTS; CORD DE BOR (BT-1755/ ZFM) RL 50MTS; CORD DE BOR (BT-530-S/ ZFM)RL 50MTS; CORD DE BOR (BT-518/ZFM)RL 50MTS; CORD DE BOR (BT-534/ ZFM) RL 50MTS; CORD DE BOR (BT-1985/ ZFM) RL 50MTS; CORD DE BOR (BT-1994/ ZFM)RL 50MTS; '),(29,'3','1243,90',NULL,'',NULL,'','ASSESSORIA SEG DO TRABALHO - OBRAS',2,15,40,NULL,5,'S/OC','DEPOSITO','2018-01-17','ASSESSORIA SEG. DO TRABALHO'),(30,'1164','805,79',NULL,'',NULL,'','SOL PEDRO, SOLICITADO PELO SR. PEDRO',2,16,38,NULL,NULL,'S/OC','A VISTA','2018-01-11','COMBUSTIVEL'),(31,'181600','1589,70',NULL,'',NULL,'','ESTOQUE',2,15,41,NULL,3,'871','BOLETO BANCARIO','2017-12-11','ROLDANA DUPLA SD2578 EMB.C/2PCS (ROL439)'),(32,'182302','2479,07',NULL,'',NULL,'','ESTOQUE  SOL JURANDIR',2,16,41,NULL,3,'S/OC','BOLETO BANCARIO','2017-12-19','DOBRADIÇA INOVA BCO C/3PCA (DOB852)'),(33,'23388','2379,36',NULL,'227,59',14121,'','ESTOQUE',1,17,42,NULL,4,'2319','BOLETO BANCARIO','2017-12-15','DOB MOD 1701 FC 3X2.1/2'),(34,'42080','667,90',NULL,'',NULL,'','VENDA CASADA EDNA',2,15,43,NULL,5,'888','BOLETO BANCARIO','2018-01-17','PERFIL U 75 X 38 X 4,75X6000'),(35,'20040','703,66',NULL,'',NULL,'','VENDA CASADA EDNA',2,15,43,NULL,5,'889','BOLETO BANCARIO','2018-01-17','CANTONEIRA 2POL X 1/4POL X 6000'),(36,'2819','818,00',NULL,'',NULL,'','PNEU CARRO EDIFIK, SOL ADRIANO',2,16,44,NULL,5,'S/OC','A VISTA','2018-01-18','PNEU 215/75R 17.5 LISO 16PR 135133J LLF86 LIN'),(37,'53021','350,00',NULL,'',NULL,'','ARO PARA CARRO EDIFIK SOL ADRIANO',2,16,45,NULL,5,'S/OC','A VISTA','2018-01-18','ARO - RODA DISCO SEM CAMARA 6X17,5'),(38,'2625','380,00',NULL,'',NULL,'','LOCAÇÃO DE ANDAIME - PREDIO DO TV LANDIA MALL',2,16,46,NULL,5,'S/OC','BOLETO BANCARIO','2018-01-17','LOCAÇÃO DE ANDAIME'),(39,'1177','784,04',NULL,'',NULL,'','COMBUSTIVEL PARA USO NOS CARROS',2,16,38,NULL,5,'S/OC','A VISTA','2018-01-18','COMBUSTIVEL'),(40,'350','1000,00',NULL,'',NULL,'','SOL TI',1,16,47,NULL,5,'2327','BOLETO BANCARIO','2018-01-04','CART INK HP CF278A / CARTUCHO DE TONER HP CF217A 17A - TP - (1,60K) COMPATIVEL PROFIT S/CHIP'),(41,'124902','2987,00',NULL,'410,70',452214,'BAU','VENDA CASADA - FERNANDA',2,1,48,NULL,4,'876','30 DIAS','2018-01-15','VALVULA ESFERA 1\" WCB AC F150 '),(42,'74881','66,30',NULL,'',NULL,'','SOL ANDREZA MORENO MAT DE EXPEDIENTE',2,16,49,NULL,5,'S/]','BOLETO BANCARIO','2018-01-16','PAPEL OF BRANCO A4 210 MM X 297 MM 75 G 500 FLS SOL COPY / LAPIS PRETO REDONDO N. 2 MULTICOLOR / CLIPS 4 / 0 GALVANIZADO C/ 50 CHAPARRAU / 	\r\nPINCEL MARCADOR P/ RETRO 2.0 AZUL PILOT'),(43,'74880','1067,30',NULL,'',NULL,'','MAT DE LIMPEZA  SOL ANDREZA MORENO / ',2,16,49,NULL,5,'881','BOLETO BANCARIO','2018-01-16','MATERIAL DE LIMPEZA'),(44,'5475','201,96',NULL,'',NULL,'','REF A SERVIÇO NA EDIFIK, SOL PEDRO PANKOV',2,16,50,NULL,5,'S/OC','BOLETO BANCARIO','2018-01-09','MANUTENÇÃO PEA MAQUINAS MOVEIS CONTRATO DE MANUTENÇÃO REF 1 MAQUINAS MANUTENÇÃO PEA MAQUINAS MOVEIS'),(45,'5476','405,06',NULL,'',NULL,'','MANUTENÇÃO MAQUINA SOL PEDRO PANKOV',2,16,50,NULL,5,'S/OC','BOLETO BANCARIO','2018-01-09','MANUTENÇÃO PEA CONTRATO DE MANUTENÇÃO REF A 1 MAQUINA MANUETAÇÃO PEA EM 01 MAQUINA'),(46,'31066','254.226,87',NULL,'SEM FRETE',15544,'CONTAINER','PERFIS PRETOS LINHA ARCONIC\r\nSOLICITADO POR JURANDIR',2,3,3,NULL,3,'S/OC','BOLETO 1 VEZ','2017-12-15','PERFIS PRETOS DV113, CG021, FC369 , LC038, LC041 '),(47,'31067','167.683,18',NULL,'SEM FRETE',15544,'container ECMU9303514','LB073/LB071/IN065/IN061/IN078/IN076\r\nPERFIS PRETOS\r\nSOLICITADO POR JURANDIR',2,3,3,NULL,3,'774','boleto 1x','2018-01-08','LB073/LB071/IN065/IN061/IN078/IN076\r\nPERFIS PRETOS'),(48,'10355','661,25',NULL,'SEM FRETE',0,'CARRO DE GÁS','SOLICITADO POR DONA EUNICE',1,16,51,NULL,5,'S/OC','boleto','2018-01-16','GÁS LIQUEFEITO'),(49,'1187','1613,28',NULL,'SEM FRETE',0,'sem frete','',1,16,38,NULL,5,'S/OC','boleto','2018-01-23','combustivel'),(50,'7301','3373,40',NULL,'SEM FRETE',0,'sem frete','solicitado por sr Alexandre Pankov',1,16,52,NULL,5,'S/OC','boleto','2018-01-12','VIDRO 8MM \r\nVIDRO 10MM'),(51,'266866','303,83',NULL,'',NULL,'','SOL ADRIANO / OBRA SR. ANTONIO\r\nSOL VIA E-MAIL LARISSA',2,15,18,NULL,5,'902','BOLETO BANCARIO','2018-01-19','VT 3530 CROM FECHAD PORTA DE CORRER'),(52,'267306','4892,80',NULL,'',NULL,'','SOL ADRIANO / OBRA ATMOSPHERE',2,15,18,NULL,5,'912','BOLETO BANCARIO','2018-01-23','GESSO PLACA RU 12.5X1200X2000 / GESSO PLACA RU 12.5X1200X2000'),(53,'96623','211,53',NULL,'SEM FRETE',0,'CARRO ','PARA EMPRESA EDIFIK',2,16,28,NULL,5,'S/OC','BOLETO','2018-01-23','POLPAS DE FRUTA'),(54,'330','848,00',NULL,'SEM FRETE',0,'CARRO ','DIVERSAS OBRAS',2,15,19,NULL,5,'S/OC','BOLETO','2018-01-20','MATERIAL DIVERSO PARA OBRAS'),(55,'9977','850,00',NULL,'SEM FRETE',0,'PROPRIO','OBRA ATMOSPHERE',2,15,53,NULL,5,'S/OC','BOLETO','2018-01-15','LOCAÇÃO DE CADEIRINHA'),(56,'267094','684,94',NULL,'SEM FRETE',0,'PROPRIO','OBRA ATMOSPHERE',2,15,18,NULL,5,'878','BOLETO','2018-01-22','FITA PAPEL 5CM'),(57,'31068','191.918,66',NULL,'SEM FRETE',1509,'CONTAINER BMOU5419265','SOLICITADO POR JURANDIR PARA ESTOQUE',2,3,3,NULL,3,'774','BOLETO','2017-12-15','VZ024/PC027/PC044/PC033/TG088/TG073/VL034\r\n'),(58,'31069','48.100,44',NULL,'SEM FRETE',1509,'CONTAINER BMOU5419265','',2,3,3,NULL,3,'773','BOLETO','2017-12-15','BA134/BA056/BA141/CT019US621 \r\n'),(59,'31070','23583,37',NULL,'SEM FRETE',0,'CONTAINER BMOU5419265','',2,3,3,NULL,3,'721','BOLETO','2017-12-15','VZ024/PC027/PC044/PC033/TG088/TG073/VL034\r\n'),(60,'560757','7004,55',NULL,'SEM FRETE',0,'PROPRIO','',1,16,54,NULL,3,'2323','BOLETO','2017-12-21','FECH. 603/11 BUZ.74MM - ESP. BRANCO / FECH. 603/11 BUZ.74MM 1/2 MAC. ESP. BR  /  FECH. 603/11 BUZ.74MM 1/2 MAC. ESP. INOX / FECH. 603/11 BUZ.74MM 1/2 MAC. ESP. EG / FECH. 603/11 - ESP. INOX (G) / FECH. 603/11 - ESP. BRANCO (G) / FECH. 603/11 BUZ.74MM - ESP. INOX / FECH. 901 BUZIOS (74MM) - BRANCO\r\n'),(61,'23941','21,80',NULL,'',NULL,'','S/OC BRINDE PARA SR PEDRO',1,15,55,NULL,3,'S/OC','S/ COBRANÇA','2018-01-02','CADERNO CEBRACE / CALENDARIO'),(62,'16154','550,00',NULL,'',NULL,'','S/OC USO E CONSUMO SOL TAKIANE',1,16,56,NULL,5,'S/OC','BOLETO BANCARIO','2018-01-22','LUMINARIA C/ ALOJAMENTO / LAMPADA MISTA 250 W / 220V'),(63,'300','1000,53',NULL,'',NULL,'','SOL RH - USO E CONSUMO',1,1,57,NULL,5,'S/OC','DEPOSITO','2018-01-24','PRODUTOS DE LIMPEZA'),(64,'16168','250,00',NULL,'',NULL,'','SOL ADRIEIDA - USO VENDAS',1,16,56,NULL,NULL,'S/OC','BOLETO BANCARIO','2018-01-25','PAQUIMETRO DIGITAL'),(65,'210641','766,62',NULL,'',NULL,'','SOL CAMILA - MANUTENÇÃO DOS CARROS NA OFICINA DO LUIZ',1,16,58,NULL,NULL,'S/OC','BOLETO BANCARIO','2018-01-25','MAT DE USO NOS CARROS'),(66,'16178','20,00',NULL,'',NULL,'','SOL EUNICE - USO NA COZINHA',1,16,56,NULL,5,'S/OC','A VISTA','2018-01-27','SIFÃO ASTRA'),(67,'1475','80,00',NULL,'',NULL,'','SOL RH CESTA BASICA',1,16,21,NULL,NULL,'S/OC','A VISTA','2018-01-29','CESTA BASICA'),(68,'435','500,00',NULL,'',NULL,'','SOL TI',1,16,32,NULL,NULL,'S/OC','BOLETO BANCARIO','2018-01-18','SERVIÇO TELECOM CIRCUITO DE DADOS'),(69,'363','724,80',NULL,'SEM FRETE',0,'PROPRIO','',2,15,19,NULL,5,'S/OC','BOLETO','2018-01-27','materiais diversos'),(70,'217185','1.807,66',NULL,'SEM FRETE',0,'PROPRIO','',2,15,60,NULL,5,'933','BOLETO','2018-01-30','PERFIL VENEZIA VZ075'),(71,'267669','2.342,20',NULL,'SEM FRETE',0,'PROPRIO','OBRA ATMOSPHERE',2,15,18,NULL,5,'923','BOLETO','2018-01-25','GESSO ST 12,5X600X2000'),(72,'216820','883,50',NULL,'SEM FRETE',0,'PROPRIO','OBRAS DIVERSAS',2,15,60,NULL,5,'S/OC','BOLETO','2018-01-27','PERFIL BX185'),(73,'2635','280,00',NULL,'SEM FRETE',0,'PROPRIO','OBRA ENVISION',2,15,61,NULL,5,'S/OC','BOLETO','2018-01-20','ANDAIMES'),(74,'65113','40,00',NULL,'SEM FRETE',0,'PROPRIO','PEDRO PANKOV',2,15,62,NULL,5,'S/OC','BOLETO','2018-01-24','PAGAMENTO DE FRETE BOA VISTA'),(75,'27831','16.626,41',NULL,'4.432,95',451105,'BAU','ESTOQUE\r\nSOLICITADO POR JURANDIR',2,1,39,NULL,4,'S/OC','BOLETO','2018-01-11','GUARNIÇÃO EPDM FOLHAS PTO 50MT'),(76,'268294','2.249,30',NULL,'SEM FRETE',0,'PROPRIO','OBRA ATMOSPHERE\r\n',2,15,18,NULL,5,'930','BOLETO','2018-01-30','PAR AGULHA 3.5X25 / GESSO ST 12,5X600X2000\r\n'),(77,'75042','504,00',NULL,'SEM FRETE',0,'PROPRIO','OBRA THE OFFICE SOL ADRIANO',2,15,49,NULL,5,'882','BOLETO','2018-01-31','FITA DUREX 48X50\r\n'),(78,'41893','270,00',NULL,'SEM FRETE',0,'PROPRIO','SR ALEXANDRE PANKOV',2,15,64,NULL,5,'930','BOLETO','2018-01-25','MATERIAL DO SR ALEXANDRE PANKOV\r\n'),(79,'716','500,00',NULL,'',NULL,'','REF. A SERVIÇO TELECOM CIRCUITO DE DADOS - SOL TI',1,16,32,NULL,5,'S/OC','BOLETO BANCARIO','2018-02-01','SERVIÇO TELECON CIRCUITO DE DADOS'),(80,'717','499,00',NULL,'',NULL,'','SERVIÇO TELECOM ACESSO A INTERNET SMART - SOL TI',1,16,32,NULL,5,'S/OC','BOLETO BANCARIO','2018-02-01','SERVIÇO TELECOM ACESSO A INTERNET SMART'),(81,'70','497,83',NULL,'',NULL,'','REF A SERVIÇOS DE EXAMES LABORATORIAS',2,16,27,NULL,5,'S/OC','BOLETO BANCARIO','2018-02-02','EXAME LABORATORIAS'),(82,'84','95,00',NULL,'',NULL,'','SOL ADRIANO MANUTENÇÃO EM COMPREESSOR',2,16,34,NULL,5,'S/OC','BOLETO BANCARIO','2018-02-05','SERVIÇO DE REPARO EM 01 COMPRESSOR'),(83,'31351','186,00',NULL,'',NULL,'','SOL ADRIANO, SOLICITADO PARA MANUTENÇÃO EM COMPREESSOR',2,16,34,NULL,5,'S/OC','BOLETO BANCARIO','2018-02-05','SCHULZ - SERPENTINA DESCARGA'),(84,'2310','139,80',NULL,'',NULL,'','SERVIÇO DE CONSULTA SPC',1,16,33,NULL,5,'S/OC','BOLETO BANCARIO','2018-02-02','SERVIÇO DE CONSULTA SPC'),(85,'5','3332,00',NULL,'',NULL,'','REF A SERVIÇOS DE SERVIÇO CABOTAGEM',2,16,66,NULL,5,'S/OC','DEPOSITO','2018-01-02','REF A SERVIÇOS DE SERVIÇO CABOTAGEM'),(86,'41','569,00',NULL,'',NULL,'','SOL RH',1,16,67,NULL,5,'S/OC','BOLETO BANCARIO','2018-01-10','SERVIÇO PRESTADOS AO PROGRAMA DE APREENDIZAGEM REF MES 01/2018'),(87,'21627','19126,80',NULL,'',NULL,'','ESTOQUE / ENTREGUE NA EDIFIK / LUCIO 07/02/2018\r\n',2,15,3,NULL,5,'S/OC','DEPOSITO','2017-12-28','TELHA PERFILADA TRAPEZIO DE ALUMINIO/ 1200A/ H18/ NATURAL/ / NATURAL/ / 0.4/ 1265.0/ 12000 - PO: Email: 14/09/17 - Walt'),(88,'26817','4140',NULL,'129,72',457445,'BAU','ESTOQUE',2,1,3,NULL,4,'2295','BOLETO BANCARIO','2018-01-30','ACES ACESSORIOS DOB8520BCO DOBRADICA DE 3 ABAS C/ LOGO ALCOA (PC) ALUMINIO BRANCO INOVA 3 UN MEGAN DOB8520BCO-MEG - PO: / ACES ACESSORIOS DOB8530FCO DOBRADICA DE 2 ABAS C/ LOGO ALCOA (PC) ALUMINIO FOSCO INOVA 3 UN MEGAN DOB8530FCO-MEG - PO: / ACES ACESSORIOS DOB8530BCO DOBRADICA DE 2 ABAS C/ LOGO ALCOA (PC) ALUMINIO BRANCO INOVA 3 UN MEGAN DOB8530BCO-MEG - PO: / ACES ACESSORIOS DOB8280BCO DOBRADICA DE 3 ABAS C/ LOGO ALCOA (PC) ALUMINIO BRANCO GOLD 3 UN MEGAN DOB8280BCO-MEG - PO:'),(90,'466435','219369,85','','',NULL,'','ESTOQUE',2,15,7,NULL,3,'S/OC','BOLETO BANCARIO','2018-02-28','CHAPA XADREZ DE ALUMINIO PLANA;Liga: 5052;Temp.: H314;Espes.: 2.2MM;Larg.: 1000MM;Compr.: 2500MM;Acab.Sup: COMUM LAVRADO / CHAPA DE ALUMINIO PLANA;Liga: 5052;Temp.: H34;Espes.: 2MM;Larg.: 1250MM;Compr.: 6000MM;Acab.Sup: COMUM COM FILME PLASTIC /  CHAPA DE ALUMINIO PLANA;Liga: 5052;Temp.: H34;Espes.: 2MM;Larg.: 1250MM;Compr.: 7000MM;Acab.Sup: COMUM C/FILME PLASTICO; / CHAPA XADREZ DE ALUMINIO PLANA;Liga: 5052;Temp.: H314;Espes.: 2.2MM;Larg.: 1000MM;Compr.: 500MM;Acab.Sup: COMUM LAVRADO /  \r\nCHAPA XADREZ DE ALUMINIO PLANA;Liga: 5052;Temp.: H314;Espes.: 2.2MM;Larg.: 1000MM;Compr.: 2500MM;Acab.Sup: COMUM LAVRADO / CHAPA XADREZ DE ALUMINIO PLANA;Liga: 5052;Temp.: H314;Espes.: 2.2MM;Larg.: 1000MM;Compr.: 2500MM;Acab.Sup: COMUM LAVRADO /  \r\nCHAPA XADREZ DE ALUMINIO PLANA;Liga: 5052;Temp.: H314;Espes.: 2.2MM;Larg.: 1000MM;Compr.: 2500MM;Acab.Sup: COMUM LAVRADO /  \r\nCHAPA DE ALUMINIO PLANA;Liga: 5052;Temp.: H34;Espes.: 2MM;Larg.: 1250MM;Compr.: 6000MM;Acab.Sup: COMUM COM FILME PLASTIC /  \r\nCHAPA DE ALUMINIO PLANA;Liga: 5052;Temp.: H34;Espes.: 2MM;Larg.: 1250MM;Compr.: 7000MM;Acab.Sup: COMUM C/FILME PLASTICO;'),(91,'39661','2.153,42','10,98%','236,63',14488,'','ESTOQUE / SOL PARA ATENDER PEDIDO DA FERNANDA',2,17,69,NULL,4,'929','BOLETO BANCARIO','2018-01-30','FLANGE LISA RF 150 LBS 2\" ACO CARBONO FORJ N93242 / CURVA 90 R LONGO SCH 40 2\" ACO CARB.S/COST. 90022'),(92,'2734','1241,61','','',NULL,'','Solicitado RH',2,15,36,NULL,5,'982','BOLETO BANCARIO','2018-02-26','produtos de limpeza'),(93,'212934','387,50','','',NULL,'','SOL EXPEDIÇÃO',2,15,58,NULL,3,'984','','2018-02-26','VDO - DISCO DE TACOGRAFO SEMANAL'),(94,'18443','14900,00','','',NULL,'','SOL ALEXANDRE PANKOV, PAGTO A VISTA SR. JORGE',2,15,70,NULL,5,'S/OC','BOLETO BANCARIO','2018-02-27','AR CONDICIONADO P BARCO MSBAI4C2'),(95,'31964','14923,98','','',NULL,'','SOL ESTOQUE / JURANDIR',2,15,3,NULL,3,'s/oc','','2018-01-30','EXTR SOLIDSHAPE SS IN017 C0A7 T5 6000 MM 1132 0.138 27 PERFIL SOLIDO DE LIGA ALUM ANO / EXTR SOLIDSHAPE SS IN056 STANDARD C0A7 T5 6000 MM 1132 0.349 43 PERFIL SOLIDO DE LIGA ALUM ANO / EXTR HOLLOW HSHAPE3 IN108 C0A7 T5 6000 MM 1132 0.502 58 PERFIL OCO DE LIGA ALUM ANODIZ'),(96,'214260','42049,12','9,75','5877,09',214260,'','ESTOQUE',2,19,72,NULL,4,'918','BOLETO BANCARIO','2018-01-31','CJMOV DZ4 SK 36 TURBO 220135060 / CJMOV DZ4 SK 36 TURBO 127135060 / CJMOV DZ NANO 36 TURBO 127145060 / BARRA DENTADA LEVE 1.0 SERIE R/   \r\nCJMOV BV3 NANO D 1.5 6E 1271460 C/FERR P /  '),(97,'127896','17866,73','9,75','',214260,'','estoque',2,19,72,NULL,4,'918','BOLETO BANCARIO','2018-03-01','INTER DIG CT HCS SAW 433 MHZ PRETO / INTER DIG CM KXH30FS 433 MHZ / INTER DIG CM KX30FS 433 MHZ'),(98,'127927','346,60','','',214260,'','BONIFICAÇÃO',2,19,72,NULL,4,'S/OC','S/ COBRANÇA','2018-01-31','CJ DESTRAVAMENTO DZ NANO (BASE + ALAVANCA + CJ CILINDRO CHAVE + PARAFUSOS) / ENGRENAGEM DO SEM FIM M2 22 DENTES ZA27'),(99,'75370','432','','',NULL,'','SOL ANDREZA MORENO',2,15,65,NULL,3,'992','BOLETO BANCARIO','2018-02-28','MATERIAL DE EXPEDIENTE'),(100,'75371','212','','',NULL,'','SOL ANDREZA MORENO',2,15,49,NULL,5,'991','BOLETO BANCARIO','2018-02-28','MATERIAL DE LIMPEZA'),(101,'23149','53,98','','',NULL,'','REF A FINALIZAÇÃO DE CONTRATO - CONVENIO',1,15,73,NULL,5,'S/OC','BOLETO BANCARIO','2018-02-28','FORNECIMENTO DE MEDICAMENTO'),(102,'23148','80,19','','',NULL,'','REF A FINALIZAÇÃO DE CONTRATO - CONVENIO',1,16,73,NULL,3,'S/OC','S/ COBRANÇA','2018-02-28','FORNECIMENTO DE MEDICAMENTO'),(103,'31964','14923,98','2,84','10241,45',16064,'','ESTOQUE',2,3,3,NULL,3,'S/OC','BOLETO BANCARIO','2018-01-30','EXTR SOLIDSHAPE SS IN017 C0A7 T5 6000 MM 1132 0.138 27 PERFIL SOLIDO DE LIGA ALUM ANO / EXTR SOLIDSHAPE SS IN056 STANDARD C0A7 T5 6000 MM 1132 0.349 43 PERFIL SOLIDO DE LIGA ALUM ANO / EXTR HOLLOW HSHAPE3 IN108 C0A7 T5 6000 MM 1132 0.502 58 PERFIL OCO DE LIGA ALUM ANODIZ'),(104,'31965','203900,15','2,84','10241,45',16064,'','ESTOQUE',2,3,3,NULL,3,'S/OC','BOLETO BANCARIO','2018-01-30','EXTR HOLLOW HSQ TQ010 C0A7 T5 6000 MM 0 0.502 35 TUBO DE LIGA ALUM NATURAL - PO: OC900 / EXTR HOLLOW HSQ TQ023 C0A7 T5 6000 MM 0 0.264 36 TUBO DE LIGA ALUM NATURAL - PO: OC900/ EXTR HOLLOW HRECT TG007 C0A7 T5 6000 MM 0 0.783 57 TUBO DE LIGA ALUM NATURAL - PO: OC900 / EXTR HOLLOW HRECT TG006 C0A7 T5 6000 MM 0 0.670 57 TUBO DE LIGA ALUM NATURAL - PO: OC900 / EXTR SOLIDSHAPE SS DS287 C0A7 T5 6000 MM 0 0.133 36 PERFIL SOLIDO DE LIGA ALUM NAT - PO: OC900 / EXTR BAR RB BC025 C0A7 T5 6000 MM 0 0.219 26 BARRA DE LIGA ALUM NATURAL - PO: OC900 / EXTR ANGLE AM CT047 C0A7 T5 6000 MM 0 0.317 54 PERFIL SOLIDO DE LIGA ALUM NAT - PO: OC900 / EXTR HOLLOW HSQ TQ004 C0A7 T5 6000 MM 0 0.196 27 TUBO DE LIGA ALUM NATURAL - PO: OC900 / EXTR CHANNEL CM PU222 C0A7 T5 6000 MM 0 0.518 56 PERFIL SOLIDO DE LIGA ALUM NAT - PO: OC900 /  \r\nEXTR ANGLE AM CT026 C0A7 T5 6000 MM 0 0.627 54 PERFIL SOLIDO DE LIGA ALUM NAT - PO: OC900 / EXTR ANGLE AM CT022 C0A7 T5 6000 MM 0 0.518 44 PERFIL SOLIDO DE LIGA ALUM NAT - PO: OC900 / EXTR ANGLE AM CT019 C0A7 T5 6000 MM 0 0.409 36 PERFIL SOLIDO DE LIGA ALUM NAT - PO: OC900 /  \r\nEXTR SOLIDSHAPE SS BA134 6060 T5 6000 MM 0 0.772 43 PERFIL SOLIDO DE LIGA ALUM NAT - PO: OC900 /  \r\nEXTR HOLLOW HSHAPE2 BA141 6060 T5 6000 MM 0 0.757 47 PERFIL OCO DE LIGA ALUM NATURA - PO: OC900 /  \r\nEXTR HOLLOW HSHAPE2 BA056 6060 T5 6000 MM 0 0.514 41 PERFIL OCO DE LIGA ALUM NATURA - PO: OC900 / EXTR SOLIDSHAPE SS BA130 6060 T5 6000 MM 0 0.626 75 PERFIL SOLIDO DE LIGA ALUM NAT - PO: OC900 / EXTR HOLLOW HSQ TQ007 C0A7 T5 6000 MM 0 0.316 35 TUBO DE LIGA ALUM NATURAL - PO: OC900'),(105,'31966','17663,58','2,84','10241,45',16064,'','ESTOQUE',2,3,3,NULL,3,'S/OC','BOLETO BANCARIO','2018-01-30','EXTR SOLIDSHAPE SS US280 C0A7 T5 6000 MM 590G 0.272 74 PERFIL SOLIDO ALUM USINADO PIN - PO: OC774 /  \r\nEXTR SOLIDSHAPE SS US280 C0A7 T5 6000 MM 1180 0.272 74 PERFIL SOLIDO ALUM USINADO ANO - PO: OC774'),(106,'31967','54693,99','2,84','10241,45',16064,'','ESTOQUE',2,3,3,NULL,3,'S/OC','BOLETO BANCARIO','2018-01-30','EXTR SOLIDSHAPE SS BA130 6060 T5 6000 MM 0 0.626 75 PERFIL SOLIDO DE LIGA ALUM NAT - PO: OC773 /  \r\nEXTR SOLIDSHAPE SS DS287 C0A7 T5 6000 MM 0 0.133 36 PERFIL SOLIDO DE LIGA ALUM NAT - PO: OC773 / EXTR ANGLE AM CT022 C0A7 T5 6000 MM 0 0.518 44 PERFIL SOLIDO DE LIGA ALUM NAT - PO: OC773 / EXTR TUBE ST TR019 C0A7 T5 6000 MM 0 0.182 20 TUBO DE LIGA ALUM NATURAL - PO: OC773 / EXTR ANGLE AM CT049 6060 T5 6000 MM 0 0.402 54 PERFIL SOLIDO DE LIGA ALUM NAT - PO: OC773 / EXTR TUBE ST TR056 C0A7 T5 6000 MM 0 0.510 32 TUBO DE LIGA ALUM NATURAL - PO: OC773 / '),(107,'31968','7826,81','2,84','10241,45',16064,'','ESTOQUE',2,3,3,NULL,3,'S/OC','BOLETO BANCARIO','2018-01-30',' EXTR HOLLOW HSHAPE3 MV099 6463 T64 6000 MM 0 0.417 38 PERFIL OCO DE LIGA ALUM NATURA - PO: OC773'),(108,'31969','60572,58','2,84','10241,45',16064,'','ESTOQUE',2,3,3,NULL,3,'S/OC','BOLETO BANCARIO','2018-01-30','EXTR ANGLE AM CT310 C0A7 T5 4800 MM 1135 0.299 56 PERFIL SOLIDO DE LIGA ALUM ANO  / EXTR HOLLOW HSHAPE3 IN005 C0A7 T5 6000 MM 1135 0.929 102 PERFIL OCO DE LIGA ALUM ANODIZ / EXTR SOLIDSHAPE SS DV132 C0A7 T5 6000 MM 1130 0.254 46 PERFIL SOLIDO DE LIGA ALUM ANO / EXTR SOLIDSHAPE SS DV029 C0A7 T5 6000 MM 1130 0.243 0 PERFIL SOLIDO DE LIGA ALUM ANO / EXTR SOLIDSHAPE SS VZ075 C0A7 T5 6000 MM 1130 0.259 82 PERFIL SOLIDO DE LIGA ALUM ANO'),(109,'2589403','1274','','',NULL,'','SOL RH',1,16,23,NULL,5,'S/OC','','2018-01-22','REF A CURSO DE RESILIENCIA'),(110,'2589402','1372','','',NULL,'','SOL RH',1,16,23,NULL,5,'S/OC','BOLETO BANCARIO','2018-01-31','REF A CRUSOS ADCIONAIS'),(111,'29','288,39','','',NULL,'','MANUT DE SERVIÇOS',1,16,74,NULL,5,'S/OC','BOLETO BANCARIO','2018-02-01','REF A SERVIÇO OAH-0625'),(112,'214','91,32','','',NULL,'','SOL RH',1,16,75,NULL,5,'S/OC','A VISTA','2018-02-16','REF  A COMPRA DE CORDOES DE CRACHA'),(113,'171','67,29','','',NULL,'','SOL RH',1,16,75,NULL,3,'S/OC','A VISTA','2018-02-28','REF A CONFECÇÃO DE 10 CRACHAS'),(114,'2310','132,81','','',NULL,'','SOL FINANCEIRO',1,16,33,NULL,3,'S/OC','BOLETO BANCARIO','2018-02-02','REF A CONSULTA SPC/ SERASA'),(115,'69','240,87','','',NULL,'','SOL RH',1,16,76,NULL,3,'S/OC','BOLETO BANCARIO','2018-02-02','REF A EXAMES ADMISSONAL / DEMISSIONAL E DE ROTINA'),(116,'1540591','291,21','','',NULL,'','SOL RH',1,15,77,NULL,5,'S/OC','BOLETO BANCARIO','2018-03-01','REF A SISTEMA FOLHA DE PAGAMENTO'),(117,'1530285','314,79','','',NULL,'','SOL CONATABILIDADE',1,16,77,NULL,5,'S/OC','BOLETO BANCARIO','2018-02-01','REF A SISTEMA FISCAL/CONTABIL'),(118,'116','381,60','','',NULL,'','SOL RH',1,16,67,NULL,5,'S/OC','BOLETO BANCARIO','2018-02-06','REF A SERVIÇOS PRESTADOS DE APREENDIZAGEM MENOR'),(119,'3211','799,80','','',NULL,'','SOL TI',1,16,78,NULL,5,'S/OC','BOLETO BANCARIO','2018-02-07','REF A LICENCA DE SISTEMA'),(120,'304173','28,92','','',NULL,'','SOL FINANCEIRO',1,16,79,NULL,5,'S/OC','DEBITO EM CONTA','2018-02-09','REF A ADMINSITRAÇÃO DE CARTOES MAQUINETAS'),(121,'275575','221,41','','',NULL,'','SOL. JURANDIR/ ADRIANO USO NA OBRA RES.CLUB',2,16,18,NULL,5,'1036','','2018-03-19','FECHAD 603/11 G ESP BCO PORTA'),(122,'2734',' 1.241,61 ','','',NULL,'','SOL RH METAL / MATERIAL DE LIMPEZA\r\n',2,15,36,NULL,3,'982','BOLETO','2018-02-26','MATERIAL DE LIMPEZA'),(123,'212934',' 387,50 ','','',NULL,'','SOL EXPEDIÇÃO - USO NOS CARROS\r\n',2,15,58,NULL,3,'984','','2018-02-26','VDO - DISCO DE TACOGRAFO'),(124,'18443',' 14.900,00 ','','',NULL,'','SOL ALEXANDRE PANKOV / COMPRA A VISTA FEITA PELO SR JORGE\r\n',2,16,70,NULL,3,'S/OC','','2018-02-27','AR CONDICIONADO P BARCO MSA14C2 220'),(125,'272607',' 804,80 ','','',NULL,'','VENDA CASADA JORGE / SOL ADRIEIDA\r\n',2,16,18,NULL,3,'995','','2018-02-28','PERFIL NAT BA130 6000\r\n'),(126,'213134',' 497,26 ','','',NULL,'','SOL ADRIANO VIA TELEFONE / USADO NA OFICINA DO SR. OSVALDO\r\n',2,15,58,NULL,3,'998','','2018-02-28','MATERIAL PARA AJUSTE DE CARRO \r\n'),(127,'20707',' 482,45 ','','',NULL,'','SOL VENDA CASADA EDNA / SOL.ADRIEIDA\r\n',2,16,43,NULL,3,'994','','2018-02-28','CANTONEIRA 1 POL X 1/8 POL X 6\r\n'),(128,'44236',' 2.451,47 ','','',NULL,'','VENDA CASADA EDNA /SOL ADRIEIDA\r\n',2,15,43,NULL,3,'993','','2018-02-28','CHAPA XADRES 3 X 2X1X / PERFIL U 100X50X4,75 X6\r\n'),(129,'272433',' 3.675,00 ','','',NULL,'','SOL PEDRO PANKOV / FEITA PELO LUCIO\r\n',2,16,18,NULL,3,'S/OC','','2018-02-27','PERFIL NAT BA130 6000\r\n'),(130,'97740','205,76','','',NULL,'','USO E CONSUMO NA FORT\r\n',2,15,28,NULL,3,'S/OC','','2018-02-27','POLPAS DE FRUTAS\r\n'),(131,'75371',' 212,00 ','','',NULL,'','SOL ANDREZA MORENO/ MAT LIMPEZA\r\n',2,15,49,NULL,3,'991','','2018-02-28','MAT DE LIMPEZA\r\n'),(132,'75370',' 432,00 ','','',NULL,'','SOL ANDREZA MORENO/ MAT EXPEDIENTE\r\n',2,15,49,NULL,3,'992','','2018-02-28','MAT DE EXPEDIENTE\r\n'),(133,'83',' 165,00 ','','',NULL,'','SOL ADRIANO OBRA SHOPPING GRANDE CIRCULAR',2,20,61,NULL,3,'S/OC','','2018-02-19','REF A LOCAÇÃO DE ANDAIME'),(134,'78','2,043','','',NULL,'','SOL ADRIANO OBRA ARENA DA AMAZONIA\r\n',2,20,61,NULL,3,'S/OC','','2018-02-15','REF A LOCAÇÃO DE ANDAIME\r\n'),(135,'2672',' 280,00 ','','',NULL,'','REF A LOCAÇÃO DE ANDAIME\r\n',2,20,61,NULL,3,'S/OC','','2018-02-12','REF A LOCAÇÃO DE ANDAIME\r\n'),(137,'2673','380','','',NULL,'','SOL ADRIANO OBRA TV LANDIA\r\n',2,20,61,NULL,3,'S/OC','','2018-02-12','REF A LOCAÇÃO DE ANDAIME\r\n'),(138,'26',' 1.243,90 ','','',NULL,'','SOL ASSESSORIA EDIFIK\r\n',2,15,40,NULL,3,'S/OC','','2018-02-16','ASSESSORIA EM SEG DO TRABALHO\r\n'),(139,'39',' 361,00 ','','',NULL,'','SOLICITADO POR ADRIANO\r\n',2,15,83,NULL,3,'S/OC','','2018-02-28','REVISAO CAMINHAO PLACA JWX 9586\r\n'),(140,'10138',' 850,00 ','','',NULL,'','SOLICITADO ADRIANO - OBRA ATMOSPHERE\r\n',2,15,53,NULL,3,'S/OC','','2018-02-15','LOCACAO DE CADEIRINHA\r\n'),(141,'79',' 570,00 ','','',NULL,'','SOL EXEPDIÇÃO / JANDERSON\r\n',2,15,84,NULL,3,'S/OC','','2018-02-23','REF A MANUT PLACA OAI-2545 - TROCA DE MANGUEIRA\r\n'),(142,'2747','280,00','','',NULL,'','SERVIÇO DE LOCAÇÃO DE EQUIPAMENTO OBRA ENVISION - SOL ADRIANO',2,16,61,NULL,3,'S/OC','','2018-04-10','LOCAÇÃO DE EQUIPAMENTO'),(143,'1837','500','','',NULL,'','',1,16,32,NULL,5,'','BOLETO','2018-04-09','SERVIÇO TELECOM SISTEMAS DE DADOS\r\n'),(144,'1836','499','','',NULL,'','',1,16,32,NULL,5,'','BOLETO','2018-04-09','SERVIÇO TELECOM ACESSO A INTERNET SMART\r\n'),(145,'162','72,72','','',NULL,'','',1,16,76,NULL,3,'','boleto','2018-04-05','EXAMES LABORATORIAIS '),(146,'266','381','','',NULL,'','',1,1,67,NULL,5,'','BOLETO','2018-04-03','SERVICOS PRESATADOS APRENDIZAGEM MES ABRIL'),(147,'166','506','','',NULL,'','',2,17,82,NULL,5,'','BOLETO','2018-04-09','LOCACAO DE EQUIPAMENTOS SOL. ADRIANO OBRA VISION'),(148,'196','820,44','','',NULL,'','',2,16,27,NULL,5,'','BOLETO','2018-04-06','EXAMES LABORATORIAS SOL RH'),(149,'1270','1.147,49','','',NULL,'','',2,16,38,NULL,5,'','A VISTA','2018-04-10','COMBUSTIVEIS PARA CARROS - SOL PEDRO PANKOV\r\n'),(150,'15976','1.576,80','','',NULL,'','',2,16,26,NULL,3,'1111','BOLETO','2018-04-10','OC 1111 SOL. ESTOQUE USO E CONSUMO'),(151,'279015','52,50','','',NULL,'','',2,16,18,NULL,5,'1113','BOLETO','2018-04-10','OC 1113 SOL. VENDA CASADA ESTELA CLIENTE LG'),(153,'94','605,50','','',NULL,'','',2,16,82,NULL,5,'','BOLETO','2018-03-01','SOL. ADRIANO OBRA ENVISION'),(154,'2','3.109,75','','',NULL,'','',2,16,85,NULL,5,'','BOLETO','2018-03-01','ASSESSORIA REF. A SERVICOS CONTABEIS'),(155,'851','937,00','','',NULL,'','',2,16,86,NULL,5,'','BOLETO','2018-03-02','REF. A MANUTENCAO DE SISTEMA-MENSAL'),(156,'519','977,64','','',NULL,'','',2,16,19,NULL,5,'','BOLETO','2018-03-02','SOL. ADRIANO USO EM OBRAS'),(157,'521','338,00','','',NULL,'','',2,16,19,NULL,5,'1007','BOLETO','2018-03-05','SOL. TAKIANE/ USO GALPAO'),(158,'443','600,00','','',NULL,'','',2,16,47,NULL,5,'1005','BOLETO','2018-03-03','SOL. TI USO NA METAL'),(159,'2698','480','','',NULL,'','',2,16,61,NULL,5,'','BOLETO','2018-03-03','SOL. ADRIANO OBRA ENVISION'),(160,'373','931','','',NULL,'','',2,16,87,NULL,5,'','BOLETO','2018-03-02','SOL. ANDREZA MORENO USO EDIFIK'),(161,'207618','116,00','','',NULL,'','',2,16,35,NULL,5,'','BOLETO','2018-03-06','SOL. ADRIANO USO NA OBRA THE OFFICE'),(162,'2392','255','','',NULL,'','',2,16,88,NULL,5,'1011','BOLETO','2018-03-07','SOL. ANDREZA MORENO EPI'),(163,'273857','480,00','','',NULL,'','',2,16,18,NULL,5,'1014','BOLETO','2018-03-08','SOL. ADRIANO USO EM OBRAS'),(164,'213810','1.105,00','','',NULL,'','',2,16,58,NULL,5,'1018','','2018-03-08','SOL. ALEXANDRE PANCOV USO E CONSUMO'),(165,'437023','18.706,00','12,79%','13.500,00',11723,'CONTEINER','',2,2,2,NULL,4,'944','BOLETO','2018-02-27','OC 944 SOL. ESTOQUE PIN SOL TRANSPORTADOR CTE 11723'),(166,'98155','205,76','','',NULL,'','',2,16,28,NULL,5,'','BOLETO','2018-03-09','USO E CONSUMO NA FORT'),(167,'75528','620,40','','',NULL,'','',2,16,49,NULL,5,'1015','BOLETO','2018-03-10','SOL. ANDREZA MORENO/MATERIAL DE LIMPEZA'),(168,'75529','277,00','','',NULL,'','',2,16,49,NULL,5,'1016','BOLETO','2018-03-10','SOL. ANDREZA MORENO / MATERIAL LIMPEZA'),(169,'229758','243,00','','',NULL,'','',2,16,30,NULL,5,'1021','BOLETO','2018-03-13','SOL. ADRIEIDA VENDA CASADA EDNA'),(170,'83','499,88','','',NULL,'','',2,16,74,NULL,5,'','BOLETO','2018-03-13','SOL. MANUT. DE VEICULOS'),(171,'213933','573,40','','',NULL,'','',2,16,58,NULL,5,'1020','BOLETO','2018-03-12','SOL. ADRIANO USO NO CARRO DA TOP/ JWX 9586'),(172,'1283516','3.888,00','','',NULL,'','',2,16,89,NULL,5,'','BOLETO','2018-03-02','SOL. JORGE TORQUATO / CONSULTA FISCAL'),(173,'229882','648,00','','',NULL,'','',2,16,30,NULL,5,'1030','BOLETO','2018-03-14','SOL. ADRIEIDA / VENDA CASADA EDNA'),(174,'1449','460,00','','',NULL,'','',2,16,22,NULL,5,'','BOLETO','2018-03-13','SOL. RH / USO E CONSUMO'),(175,'273796','1.089,16','','',NULL,'','',1,16,18,NULL,5,'1013','BOLETO','2018-03-07','SOL. ADRIEIDA/ USO E CONSUMO VENDA CASADA '),(176,'5058','720','','',NULL,'','',2,16,90,NULL,5,'1008','BOLETO','2018-03-07','SOL. ADRIEIDA/ ESTOQUE NEGOCIACAO CLIENTE '),(177,'529','196,00','','',NULL,'','',2,16,19,NULL,5,'1010','BOLETO','2018-03-07','SOL. RH/ USO E CONSUMO'),(178,'1232','1.787,49','','',NULL,'','',2,16,38,NULL,5,'','A VISTA','2018-03-06','SOL. PEDRO PANCOV / USO NOS CAMINHOES'),(179,'1006','671,09','','',NULL,'','',2,16,91,NULL,5,'1006','BOLETO','2018-03-05','SOL. ADRIANO / OBRA ATMOSPHERE'),(180,'32553','159,80','','',NULL,'','',2,16,31,NULL,5,'','A VISTA','2018-03-06','SOL. T.I./ COMPRA DE UM NOTEBOOK'),(181,'1237','1.521,88','','',NULL,'','',2,1,38,NULL,5,'','A VISTA','2018-03-13','SOL. PEDRO PANCOV / USO NOS CAMINHOES'),(182,'105','960,00','','',NULL,'','',2,16,82,NULL,5,'','BOLETO','2018-03-05','SOL. ADRIANO/ LOCACAO DE MAQUINAS OBRA SHOP. GRANDE CIRCULAR'),(183,'1246','500,00','','',NULL,'','SOL. TI / REFERENTE A CIRCUITO DE DADOS \r\n',2,16,32,NULL,5,'','BOLETO','2018-03-02','SOL. TI '),(184,'2714','380,00','','',NULL,'','',2,16,61,NULL,3,'','BOLETO','2018-03-13','SOL.ADRIANO/ LOCAÇAO DE MAQUINAS OBRA.TVLANDIA\r\n'),(185,'2713','208,00','','',NULL,'','',2,16,61,NULL,5,'','BOLETO','2018-03-13','SOL.ADRIANO/ LOCAÇAO DE MAQUINAS OBRA.ENVISION\r\n'),(186,'15083','3.672,00','','',NULL,'','',2,16,92,NULL,5,'','SEM COBRANCA','2018-03-13','MATERIAL SR ALEXANDRE/ ACORDO FEITO PELO SR ALEXANDRE\r\n'),(187,'53','947,62','','',NULL,'','',2,16,83,NULL,5,'','BOLETO','2018-03-14','SOL.ADRIANO/ CONSERTO DO CAMINHAO JWX 9586\r\n'),(188,'813230','259,02','','',NULL,'','',2,16,93,NULL,5,'1024','BOLETO','2018-03-14','SOL.EUNICE/ USO E  CONSUMO TROCA DE TORNEIRA\r\n'),(189,'274800','400,55','','',NULL,'','',2,16,18,NULL,5,'1027','BOLETO','2018-03-14','SOL.ADRIEIDA VENDA MARIA CLARA\r\n'),(190,'140','1.637,87','','',NULL,'','',2,16,27,NULL,5,'','BOLETO','2018-03-05','SOL.ANDREZA MORENO/ REF A EXAMES LABORATORIAS\r\n'),(191,'124','165,00','','',NULL,'','',2,16,82,NULL,5,'','BOLETO','2018-03-15','SOL.ADRIANO/ REF A LOCAÇAO DE EQUIPAMENTOS OBRA.SHOP GRANDE CIRCULAR\r\n'),(192,'123','2.043,00','','',NULL,'','',2,16,82,NULL,5,'','BOLETO','2018-03-15','SOL.ADRIANO/ REF A LOCAÇAO DE EQUIPAMENTS OBRA:ARENA DA AMAZONIA\r\n'),(193,'125','75,00','','',NULL,'','',2,16,82,NULL,5,'','BOLETO','2018-03-15','SOL.ADRIANO/ REF A LOCAÇAO DE EQUIPAMENTPOS OBRA SHOP GRANDE CIRCULAR\r\n'),(194,'32628','2.429,50','','',NULL,'','',2,16,31,NULL,5,'','BOLETO','2018-03-15','SOL. TI /USO NA METAL ALUMINIO\r\n'),(195,'208386','100,10','','',NULL,'','',2,16,35,NULL,5,'','SEM COBRANCA','2018-03-15','SOL.ADRIANO / OBRAS. DIVERSAS\r\n'),(196,'2420','1.339,50','','',NULL,'','',2,16,88,NULL,5,'1022','BOLETO','2018-03-15','SOL.ADRIANO / OBRAS. DIVERSAS\r\n'),(197,'214390','97,50','','',NULL,'','',2,1,58,NULL,5,'1037','BOLETO','2018-03-16','SOL.ADRIANO / USO NAS OBRA\r\n'),(198,'45','1.243,90','','',NULL,'','',2,16,40,NULL,5,'','DEPOSITO','2018-03-16','SOL ASSESSORIA EDIFIK\r\n'),(199,'98386','672,52','','',NULL,'','',2,16,28,NULL,5,'1034','BOLETO','2018-03-16','POLPAS PARA ALMOÇO / SOLICITADO COZINHA METAL\r\n'),(200,'1229','1.901,88','','',NULL,'','',2,16,38,NULL,5,'','A VISTA','2018-03-05','SOL.PEDRO PANKOV/ USO NOS CAMINHOES\r\n'),(201,'470','500,00','','',NULL,'','',2,16,47,NULL,5,'1057','BOLETO','2018-03-21','SOL. TI / USO E CONSUMO FINANCEIRO, CAIXA E  DEPOSITO\r\n'),(202,'222358','382,50','','',NULL,'','',2,16,91,NULL,5,'1050','BOLETO','2018-03-21','SOL.EVERALDO / USO E CONSUMO GALPAO DA LOJA\r\n'),(203,'208572','111,60','','',NULL,'','',2,16,35,NULL,5,'','BOLETO','2018-03-19','SOL.ADRIANO USO NAS OBRAS\r\n'),(204,'214525','464,00','','',NULL,'','',2,16,58,NULL,5,'1049','BOLETO','2018-03-19','SOL.EXPEDIÇAO BATERIA PARA O CARRO JXF 7814\r\n'),(205,'10241','850,00','','',NULL,'','',2,16,53,NULL,5,'','BOLETO','2018-03-15','SOL.ADRIANO / LOCAÇAO DE MAQUINAS USO NAS OBRAS\r\n'),(206,'275522','378,64','','',NULL,'','',2,16,18,NULL,5,'1048','BOLETO','2018-03-19','SOL.ADRIEIDA VENDA CASADA NAILSON\r\n'),(207,'1700','31,83','','',NULL,'','',2,16,94,NULL,5,'','SEM COBRANCA','2018-03-20','DEVOLUCAO DE MATERIAL'),(208,'1699','37,81','','',NULL,'','',2,16,94,NULL,5,'','SEM COBRANCA','2018-03-20','DEVOLUCAO DE MATERIAL'),(209,'2213769','185,47','','',NULL,'','',2,16,95,NULL,5,'','BOLETO','2018-03-19','CONSULTA AO SERASA\r\n'),(210,'1249','1.711,00','','',NULL,'','',2,16,38,NULL,5,'','A VISTA','2018-03-20','SOL.PEDRO PANKOV/ USO NOS CAMINHOES\r\n'),(211,'604','2.822,11','','',NULL,'','',2,16,19,NULL,5,'','BOLETO','2018-03-22','SOL.ADRIANO USO NAS OBRAS\r\n'),(212,'6267','201,96','','',NULL,'','',2,16,50,NULL,5,'','BOLETO','2018-03-22','SOL.PEDRO PANKOV/ MANUTENÇAO DE MAQUINAS \r\n'),(213,'6268','405,06','','',NULL,'','',2,16,50,NULL,5,'','BOLETO','2018-03-06','MANUTENÇAO DE MAQUINAS\r\n'),(214,'3028','878,00','','',NULL,'','',2,16,44,NULL,5,'1052','BOLETO','2018-03-22','SOL.CAMILA / USO NO CAMINHAO OAR 0092\r\n'),(215,'2791','1.377,57','','',NULL,'','',2,16,36,NULL,5,'1051','BOLETO','2018-03-22','SOL.RH/ MATERIAL DE LIMPEZA USO NA METAL\r\n'),(216,'98546','208,91','','',NULL,'','',2,16,28,NULL,5,'','BOLETO','2018-03-22','SOL.LUCIO USO E CONSUMO NA FORT\r\n'),(217,'101','394,13','','',NULL,'','',2,16,74,NULL,5,'','BOLETO','2018-03-23','SOL.CAMILA / USO NO CAMINHAO JXF-7814\r\n'),(218,'276329','7.152,19','','',NULL,'','',2,16,18,NULL,5,'1064','BOLETO','2018-03-23','SOL.ADRIEIDA VENDA CASADA MARIA CLARA\r\n'),(219,'276329','7.152,19','','',NULL,'','',2,16,18,NULL,5,'1064','BOLETO','2018-03-23','SOL.ADRIEIDA VENDA CASADA MARIA CLARA\r\n'),(220,'276546','1.106,01','','',NULL,'','',2,16,18,NULL,5,'1069','BOLETO','2018-03-26','SOL.JURANDIR / USO NA OBRA DO HAZA\r\n'),(221,'2801','845,56','','',NULL,'','',2,1,36,NULL,5,'1068','BOLETO','2018-03-26','SOL.ANDREZA MORENO USO E CONSUMO \r\n'),(222,'1251','1.474,46','','',NULL,'','',2,16,38,NULL,5,'1251','BOLETO','2018-03-28','SOL PEDRO PANKOV\r\n'),(223,'623','190,00','','',NULL,'','',2,16,19,NULL,5,'1081','BOLETO','2018-03-28','SOL RH METAL / MASCARAS DESCARTAVEIS\r\n'),(224,'75722','1049,20','','',NULL,'','',2,16,49,NULL,5,'1080','BOLETO','2018-03-28','SOL RH METAL - USO METAL\r\n'),(225,'631','1.473,24','','',NULL,'','',2,16,19,NULL,5,'','BOLETO','2018-03-29','SOL ADRIANO  /  USO EM OBRAS\r\n'),(226,'866','937,0','','',NULL,'','',2,16,86,NULL,5,'','BOLETO','2018-03-29','REF A MANUTENÇÃO DE SISTEMA - MENSAL\r\n'),(227,'867','937','','',NULL,'','',2,1,86,NULL,5,'','BOLETO','2018-03-29','REF A MANUTENÇÃO DE SISTEMA - MENSAL\r\n'),(228,'278233','3.382,04','','',NULL,'','',2,16,18,NULL,5,'1097','BOLETO','2018-04-05','SOL. ADRIANO / USO EM OBRAS\r\n'),(229,'1084405','9,05','','',NULL,'','',2,16,96,NULL,5,'','BOLETO','2018-04-04','SOL. ALEXANDRE PANKOV\r\n'),(230,'140','605,50','','',NULL,'','',2,16,82,NULL,5,'','BOLETO','2018-04-02','OBRA TECON'),(231,'152','960,00','','',NULL,'','',2,16,82,NULL,5,'','BOLETO','2018-04-03','OBRA GRANDE CIRCULAR\r\n'),(232,'2744','480,00','','',NULL,'','',2,16,61,NULL,5,'','BOLETO','2018-04-05','SOL.ADRIANO/ LOCAÇAO DE MAQUINAS OBRA.ENVISION\r\n'),(233,'1266','1.553,73','','',NULL,'','',2,16,38,NULL,5,'','A VISTA','2018-04-05','SOL.PEDRO PANKOV/ USO NOS CAMINHOES\r\n'),(234,'6488','1.812,13','','',NULL,'','',2,16,43,NULL,5,'1106','BOLETO','2018-04-09','SOL VENDA CASADA EDNA\r\n'),(235,'17428','1.089,16','','',NULL,'','',2,16,43,NULL,5,'1105','BOLETO','2018-04-09','SOL VENDA CASADA EDNA\r\n'),(236,'678','1.672,78','','',NULL,'','',2,16,19,NULL,5,'','BOLETO','2018-04-07','SOL ADRIANO / USO EM OBRAS\r\n'),(237,'98979','205,76','','',NULL,'','',2,16,28,NULL,5,'','BOLETO','2018-04-05','SOL LUCIO / USO E CONSUMO\r\n'),(238,'209995','431,40','','',NULL,'','',2,16,35,NULL,5,'','CARTEIRA','2018-04-05','SOL ADRIANO / USO EM OBRAS\r\n'),(239,'140036','597,40','','',NULL,'','',2,16,97,NULL,5,'1095','BOLETO','2018-04-04','SOL ANDREZA MORENO\r\n'),(240,'196','820,44','','',NULL,'','',2,16,27,NULL,5,'','BOLETO','2018-04-06','SOL EDIFIK / ANDREZA MORENO\r\n'),(241,'278849','2.210,53','','',NULL,'','',2,16,18,NULL,5,'1104','BOLETO','2018-04-09','SOL MARIA VENDA CASADA\r\n'),(244,'850','937,0','','',NULL,'','',1,16,86,NULL,5,'','BOLETO','2018-03-02','REF A MANUTENÇÃO DE SISTEMA - MENSAL\r\n'),(245,'3258','799,80','','',NULL,'','',1,16,78,NULL,5,'','BOLETO','2018-03-05','LICENCA DE USO DO SISTEMA GIRO'),(246,'213695','297,43','','',NULL,'','SOL.ADRIANO USO NA OFICINA DO LUIS\r\n',1,16,58,NULL,5,'','BOLETO','2018-03-08','LNG-20-116 - TENSOR DA CORREIA COMPLETO MENOR POLIA LIS / GOO-8PK2020GBRNH - CORREIA DO ALTGIRBAACD\r\n'),(247,'1247','499,00','','',NULL,'','SOL. TI REF A SERVIÇO TELECOM\r\n',1,16,32,NULL,5,'','BOLETO','2018-03-02','SERVIÇO TELECOM \r\n'),(248,'1246','500,00','','',NULL,'','SOL. TI REF A SERVIÇO ACESSO A INTERNET SMART\r\n',1,16,32,NULL,5,'','BOLETO','2018-03-02','SERVIÇO TELECOM \r\n'),(249,'117','47,08','','',NULL,'','SOL.RH EXAMES DA EMPRESA METAL\r\n',1,16,76,NULL,5,'','TRANSFERNCIA BANCARIA','2018-03-02','REF A EXAMES DA EMPRESA \r\n'),(250,'7530','426,15','','',NULL,'','SOL.ALEXANDRE PANKOV / USO E CONSUMO\r\n',1,16,52,NULL,5,'','TRANSFERENCIA BANCARIA','2018-03-20','ESPELHO CRISTAL PRATA VIVIX 04MM LAP.\r\n'),(251,'5924','174,00','','',NULL,'','SOL. RH / USO CALÇAS PARA OS MENINOS DO GALPAO\r\n',1,16,99,NULL,5,'2337','A VISTA','2018-03-20','CALCA PROFISSIONAL EM BRIM GROSSO\r\n'),(252,'10710','559,90','','',NULL,'','SOL.EUNICE USO NA COZINHA\r\n',1,16,51,NULL,5,'','BOLETO','2018-03-19','GAS LIQUEFEITO DE PETROLEO\r\n'),(253,'1441','70,00','','',NULL,'','SOL. RH / USO E CONSUMO RELOGIO DE PONTO\r\n',1,16,100,NULL,5,'','A VISTA','2018-04-14','BOBINA PAPEL\r\n'),(254,'191','381,60','','',NULL,'','PROGRAMA DE APRENDIZAGEM MÊS MARCO\r\n',1,16,67,NULL,5,'','BOLETO','2018-03-06','SERVIÇOS PRESTADOS APRENDIZAGEM\r\n'),(255,'3292','799,80','','',NULL,'','REF A LICENCA  SISTEMA GIRO\r\n',1,16,78,NULL,5,'','BOLETO','2018-03-03','LICENCA DE USO DO SISTEMA GIRO\r\n'),(256,'1600331','291,21','','',NULL,'','TREINAMENTO DO SISTEMA FOLHAMATIC\r\n',1,16,77,NULL,5,'','DEPOSITO','2018-03-01','TREINAMENTO DO SISTEMA FOLHAMATIC\r\n'),(257,'1589219','314,79','','',NULL,'','FOLHA DE PAGAMENTO - PACOTE DE PRODUTOS CONTRATADOS\r\n',1,16,77,NULL,5,'','DEPOSITO','2018-03-01','FOLHA DE PAGAMENTO - PACOTE DE PRODUTOS CONTRATADOS\r\n'),(258,'1668498','291,21','','',NULL,'','TREINAMENTO DO SISTEMA FOLHAMATIC\r\n',1,16,76,NULL,5,'','DEPOSITO','2018-04-01','TREINAMENTO DO SISTEMA FOLHAMATIC\r\n'),(259,'1657080','314,79','','',NULL,'','PROGRAMA DE APRENDIZAGEM MÊS ABRIL\r\n',1,16,77,NULL,5,'','DEPOSITO','2018-04-01','SERVIÇOS PRESTADOS APRENDIZAGEM\r\n'),(260,'266','381,60','','',NULL,'','PROGRAMA DE APRENDIZAGEM MÊS ABRIL\r\n',1,16,67,NULL,5,'','BOLETO','2018-04-03','SERVIÇOS PRESTADOS APRENDIZAGEM\r\n'),(261,'162','72,72','','',NULL,'','EXAMES LABORATORIAS\r\n',1,16,76,NULL,5,'','DEPOSITO','2018-04-05','EXAMES LABORATORIAS\r\n'),(262,'1836','499,00','','',NULL,'','SISTEMA / INTERNET\r\n',1,16,32,NULL,3,'','BOLETO','2018-04-09','SERVIÇO TELECOM ACESSO A INTERNET SMART\r\n'),(263,'1837','500,000','','',NULL,'','SISTEMA / INTERNET\r\n',1,16,32,NULL,3,'','BOLETO','2018-04-09','SERVIÇO TELECOM SISTEMAS DE DADOS\r\n'),(264,'436849','44.781,62','','13.500',11716,'CONTAINER','ESTOQUE',2,2,2,NULL,4,'945','BOLETO','2018-02-26','ACO TREF QUAD SAE 1045 1/ACO TREF QUAD SAE 1045 1.1/4/ACO TREF QUAD SAE 1045 1/2/ACO TREF QUAD SAE 1045 2 / ACO TREF QUAD SAE 1045 5/8/ACO TREF SEXT SAE 1045 1  / ACO TREF SEXT SAE 1045 1.1/2/ACO TREF SEXT SAE 1045 1/2/ACO TREF SEXT SAE 1045 7/8/ACO TREF SEXT SAE 1045 1.1/4/  ACO TREF SEXT SAE 1045 2/ ACO LAM QD SAE 1045 2.1/2\r\n'),(265,'28257','1.788,05','','',NULL,'','PEDRO  PANCOV\r\n',2,4,3,NULL,3,'','BOLETO','2018-02-27','ACES ACESSORIOS CABKM01NAT CABO DE ACO DIAM. 0,7MM ENCAPADO (MT) NATURAL MIRANTE 25 MT 80210054 - PO: NOVA OBRA  /  ACES ACESSORIOS CONKM01NAT CONEXAO P/ REGULAGEM EM ANGULO P/PERFIL COMPENS. (KM001) (PC) NATURAL MIRANTE 1 PC 80210274V / ACES ACESSORIOS CONKM02NAT CONEXAO P/ REGULAGEM EM ANGULO P/GUIA INF. (KM003/KM004) (PC) NATURAL MIRANTE 1 PC 80210275 /  ACES ACESSORIOS FIT2060PTO FITA VEDADORA 5 MM X 6 MM PRETO MASTER. SUPREMA. GOLD. INOVA 50 MT SCHLEGEL VB-FIT2060PTO  /  ACES ACESSORIOS FIT2120PTO FITA VEDADORA (MT) 5 MM X 8 MM PRETA DOMUS, EXTREMA, INOVA 50 MT SCHLEGEL VB-FIT2120PTO - PO  /  ACES ACESSORIOS FIT2140PTO FITA VEDADORA (MT) 5 MM X 10 MM PRETO DIVERSAS 50 MT SCHLEGEL VB-FIT2140PTO - PO: NOVA OBRA  / ACES ACESSORIOS KITKM01BCO KIT FOLHA FIXA P/ TRILHO SOBREPOSTO (CJ) BRANCO MIRANTE 1 CJ 80210291 - PO: NOVA OBRA / ACES ACESSORIOS KITKM02BCO KIT FOLHA DESLIZANTE P/ TRILHO SOBREPOSTO (CJ) BRANCO MIRANTE 1 CJ 80210293 - PO: NOVA OBRA / ACES ACESSORIOS KITKM05BCO KIT P/ SEGUNDA ABERTURA P/ TRILHO SOBREPOSTO (CJ) NYLON BRANCO MIRANTE 1 CJ 80210339 - PO: N /  ACES ACESSORIOS MACKM01BCO MACANETA P/ FOLHA FIXA C/ LOGO KAWNEER (PC) BRANCO MIRANTE 1 PC 80210337 - PO: NOVA OBRA  / ACES ACESSORIOS NYLKM01BCO TAMPAS P/ FOLHA FIXA C/ FECHAMENTO EM ANGULO (CJ) BRANCO MIRANTE 1 CJ 80210247 - PO: NOVA O /  ACES ACESSORIOS NYLKM02BCO TAMPA DE ACABAMENTO P/ PERFIL \"U\" (KM005) (PAR) BRANCO MIRANTE 1 PAR 80210335 - PO: NOVA OB  / ACES ACESSORIOS NYLKM03NAT DOBRADICA ESTACIONARIA PARA TRILHO SUPERIOR (PC) NYLON NATURAL MIRANTE 1 PC 80210091 - PO: N / ACES ACESSORIOS PAR1037NAT PAR.A/A.CAB.PANELA FDA. PHS. (DIN 7981) (PC) INOX 304 4,8x50MM NATURAL DIVERSOS 100 UN INOX-P / ACES ACESSORIOS PAR2006NAT PAR. A/A CABECA SEXTAVADA DIN 571 (PC) INOX 304 6x60MM NATURAL MIRANTE 20 PC INOX-PAR PAR200 /  ACES ACESSORIOS PAR2010NAT PAR.A/A.CAB.PANELA FDA.PHS. DIN 7981 (PC) INOX 304 6,3x60MM NATURAL DIVERSOS 20 PC INOX-PAR P  /  ACES ACESSORIOS PVCKM01INC PERFIL TIPO \"H\" 10MM P/VEDACAO FOLHA DESLIZANTE (PC) 3 METROS INCOLOR MIRANTE 1 PC 80210140  / ACES ACESSORIOS PVCKM02INC PERFIL TIPO \"h\" 10MM P/VEDACAO FOLHA FIXA (PC) 3 METROS INCOLOR MIRANTE 1 PC 80210153 - PO: / ACES ACESSORIOS PVCKM03INC PERFIL 10MM P/VEDACAO FOLHA EM ANGULO (PC) 3 METROS INCOLOR MIRANTE 1 PC 80210060 - PO: NOVA /  ACES ACESSORIOS PVCKM04INC PERFIL TIPO \"U\" 10MM P/VEDACAO ENTRE FOLHA FIXA E PARADE (PC) 3 METROS INCOLOR MIRANTE 1 PC  /  ACES ACESSORIOS PVCKM05INC PERFIL SANFONA 10MM P/VEDACAO ENTRE FOLHA FIXA E PARADE (MT) INCOLOR MIRANTE 50 MT 80210046  /  ACES ACESSORIOS SUPKM01BCO SUPORTES P/ FIXACAO DA FOLHA FIXA (CJ) BRANCO MIRANTE 1 CJ 80210325 - PO: NOVA OBRA  \r\n'),(266,'28258','10.636,41','','',NULL,'','PEDRO PANCOV',2,1,3,NULL,3,'','BOLETO','2018-02-27','ACES ACESSORIOS CABKM01NAT CABO DE ACO DIAM. 0,7MM ENCAPADO (MT) NATURAL MIRANTE 25 MT 80210054 - PO: NOVA OBRA  /  ACES ACESSORIOS CONKM01NAT CONEXAO P/ REGULAGEM EM ANGULO P/PERFIL COMPENS. (KM001) (PC) NATURAL MIRANTE 1 PC 80210274V / ACES ACESSORIOS CONKM02NAT CONEXAO P/ REGULAGEM EM ANGULO P/GUIA INF. (KM003/KM004) (PC) NATURAL MIRANTE 1 PC 80210275 /  ACES ACESSORIOS FIT2060PTO FITA VEDADORA 5 MM X 6 MM PRETO MASTER. SUPREMA. GOLD. INOVA 50 MT SCHLEGEL VB-FIT2060PTO  /  ACES ACESSORIOS FIT2120PTO FITA VEDADORA (MT) 5 MM X 8 MM PRETA DOMUS, EXTREMA, INOVA 50 MT SCHLEGEL VB-FIT2120PTO - PO  /  ACES ACESSORIOS FIT2140PTO FITA VEDADORA (MT) 5 MM X 10 MM PRETO DIVERSAS 50 MT SCHLEGEL VB-FIT2140PTO - PO: NOVA OBRA  / ACES ACESSORIOS KITKM01BCO KIT FOLHA FIXA P/ TRILHO SOBREPOSTO (CJ) BRANCO MIRANTE 1 CJ 80210291 - PO: NOVA OBRA / ACES ACESSORIOS KITKM02BCO KIT FOLHA DESLIZANTE P/ TRILHO SOBREPOSTO (CJ) BRANCO MIRANTE 1 CJ 80210293 - PO: NOVA OBRA / ACES ACESSORIOS KITKM05BCO KIT P/ SEGUNDA ABERTURA P/ TRILHO SOBREPOSTO (CJ) NYLON BRANCO MIRANTE 1 CJ 80210339 - PO: N /  ACES ACESSORIOS MACKM01BCO MACANETA P/ FOLHA FIXA C/ LOGO KAWNEER (PC) BRANCO MIRANTE 1 PC 80210337 - PO: NOVA OBRA  / ACES ACESSORIOS NYLKM01BCO TAMPAS P/ FOLHA FIXA C/ FECHAMENTO EM ANGULO (CJ) BRANCO MIRANTE 1 CJ 80210247 - PO: NOVA O /  ACES ACESSORIOS NYLKM02BCO TAMPA DE ACABAMENTO P/ PERFIL \"U\" (KM005) (PAR) BRANCO MIRANTE 1 PAR 80210335 - PO: NOVA OB  / ACES ACESSORIOS NYLKM03NAT DOBRADICA ESTACIONARIA PARA TRILHO SUPERIOR (PC) NYLON NATURAL MIRANTE 1 PC 80210091 - PO: N / ACES ACESSORIOS PAR1037NAT PAR.A/A.CAB.PANELA FDA. PHS. (DIN 7981) (PC) INOX 304 4,8x50MM NATURAL DIVERSOS 100 UN INOX-P / ACES ACESSORIOS PAR2006NAT PAR. A/A CABECA SEXTAVADA DIN 571 (PC) INOX 304 6x60MM NATURAL MIRANTE 20 PC INOX-PAR PAR200 /  ACES ACESSORIOS PAR2010NAT PAR.A/A.CAB.PANELA FDA.PHS. DIN 7981 (PC) INOX 304 6,3x60MM NATURAL DIVERSOS 20 PC INOX-PAR P  /  ACES ACESSORIOS PVCKM01INC PERFIL TIPO \"H\" 10MM P/VEDACAO FOLHA DESLIZANTE (PC) 3 METROS INCOLOR MIRANTE 1 PC 80210140  / ACES ACESSORIOS PVCKM02INC PERFIL TIPO \"h\" 10MM P/VEDACAO FOLHA FIXA (PC) 3 METROS INCOLOR MIRANTE 1 PC 80210153 - PO: / ACES ACESSORIOS PVCKM03INC PERFIL 10MM P/VEDACAO FOLHA EM ANGULO (PC) 3 METROS INCOLOR MIRANTE 1 PC 80210060 - PO: NOVA /  ACES ACESSORIOS PVCKM04INC PERFIL TIPO \"U\" 10MM P/VEDACAO ENTRE FOLHA FIXA E PARADE (PC) 3 METROS INCOLOR MIRANTE 1 PC  /  ACES ACESSORIOS PVCKM05INC PERFIL SANFONA 10MM P/VEDACAO ENTRE FOLHA FIXA E PARADE (MT) INCOLOR MIRANTE 50 MT 80210046  /  ACES ACESSORIOS SUPKM01BCO SUPORTES P/ FIXACAO DA FOLHA FIXA (CJ) BRANCO MIRANTE 1 CJ 80210325 - PO: NOVA OBRA  \r\n'),(267,'28260','20.964,63','','',NULL,'','PEDRO PANCOV',2,1,3,NULL,3,'','BOLETO','2018-04-06','ACES ACESSORIOS CABKM01NAT CABO DE ACO DIAM. 0,7MM ENCAPADO (MT) NATURAL MIRANTE 25 MT 80210054 - PO: NOVA OBRA  /  ACES ACESSORIOS CONKM01NAT CONEXAO P/ REGULAGEM EM ANGULO P/PERFIL COMPENS. (KM001) (PC) NATURAL MIRANTE 1 PC 80210274V / ACES ACESSORIOS CONKM02NAT CONEXAO P/ REGULAGEM EM ANGULO P/GUIA INF. (KM003/KM004) (PC) NATURAL MIRANTE 1 PC 80210275 /  ACES ACESSORIOS FIT2060PTO FITA VEDADORA 5 MM X 6 MM PRETO MASTER. SUPREMA. GOLD. INOVA 50 MT SCHLEGEL VB-FIT2060PTO  /  ACES ACESSORIOS FIT2120PTO FITA VEDADORA (MT) 5 MM X 8 MM PRETA DOMUS, EXTREMA, INOVA 50 MT SCHLEGEL VB-FIT2120PTO - PO  /  ACES ACESSORIOS FIT2140PTO FITA VEDADORA (MT) 5 MM X 10 MM PRETO DIVERSAS 50 MT SCHLEGEL VB-FIT2140PTO - PO: NOVA OBRA  / ACES ACESSORIOS KITKM01BCO KIT FOLHA FIXA P/ TRILHO SOBREPOSTO (CJ) BRANCO MIRANTE 1 CJ 80210291 - PO: NOVA OBRA / ACES ACESSORIOS KITKM02BCO KIT FOLHA DESLIZANTE P/ TRILHO SOBREPOSTO (CJ) BRANCO MIRANTE 1 CJ 80210293 - PO: NOVA OBRA / ACES ACESSORIOS KITKM05BCO KIT P/ SEGUNDA ABERTURA P/ TRILHO SOBREPOSTO (CJ) NYLON BRANCO MIRANTE 1 CJ 80210339 - PO: N /  ACES ACESSORIOS MACKM01BCO MACANETA P/ FOLHA FIXA C/ LOGO KAWNEER (PC) BRANCO MIRANTE 1 PC 80210337 - PO: NOVA OBRA  / ACES ACESSORIOS NYLKM01BCO TAMPAS P/ FOLHA FIXA C/ FECHAMENTO EM ANGULO (CJ) BRANCO MIRANTE 1 CJ 80210247 - PO: NOVA O /  ACES ACESSORIOS NYLKM02BCO TAMPA DE ACABAMENTO P/ PERFIL \"U\" (KM005) (PAR) BRANCO MIRANTE 1 PAR 80210335 - PO: NOVA OB  / ACES ACESSORIOS NYLKM03NAT DOBRADICA ESTACIONARIA PARA TRILHO SUPERIOR (PC) NYLON NATURAL MIRANTE 1 PC 80210091 - PO: N / ACES ACESSORIOS PAR1037NAT PAR.A/A.CAB.PANELA FDA. PHS. (DIN 7981) (PC) INOX 304 4,8x50MM NATURAL DIVERSOS 100 UN INOX-P / ACES ACESSORIOS PAR2006NAT PAR. A/A CABECA SEXTAVADA DIN 571 (PC) INOX 304 6x60MM NATURAL MIRANTE 20 PC INOX-PAR PAR200 /  ACES ACESSORIOS PAR2010NAT PAR.A/A.CAB.PANELA FDA.PHS. DIN 7981 (PC) INOX 304 6,3x60MM NATURAL DIVERSOS 20 PC INOX-PAR P  /  ACES ACESSORIOS PVCKM01INC PERFIL TIPO \"H\" 10MM P/VEDACAO FOLHA DESLIZANTE (PC) 3 METROS INCOLOR MIRANTE 1 PC 80210140  / ACES ACESSORIOS PVCKM02INC PERFIL TIPO \"h\" 10MM P/VEDACAO FOLHA FIXA (PC) 3 METROS INCOLOR MIRANTE 1 PC 80210153 - PO: / ACES ACESSORIOS PVCKM03INC PERFIL 10MM P/VEDACAO FOLHA EM ANGULO (PC) 3 METROS INCOLOR MIRANTE 1 PC 80210060 - PO: NOVA /  ACES ACESSORIOS PVCKM04INC PERFIL TIPO \"U\" 10MM P/VEDACAO ENTRE FOLHA FIXA E PARADE (PC) 3 METROS INCOLOR MIRANTE 1 PC  /  ACES ACESSORIOS PVCKM05INC PERFIL SANFONA 10MM P/VEDACAO ENTRE FOLHA FIXA E PARADE (MT) INCOLOR MIRANTE 50 MT 80210046  /  ACES ACESSORIOS SUPKM01BCO SUPORTES P/ FIXACAO DA FOLHA FIXA (CJ) BRANCO MIRANTE 1 CJ 80210325 - PO: NOVA OBRA  \r\n'),(268,'403166','1.904,00','6,44','767,71',36466,'BAU','ESTOQUE',2,1,10,NULL,4,'1003','BOLETO','2018-03-05','SILICONE NEUTRO DC CPS CINZA 280ML / 423GRS / SILICONE NEUTRO DC CPS PRETO 280ML / 423GRS / SILICONE NEUTRO DC CPS PRETO 280ML / 423GRS\r\n'),(269,'119570','13.208,40','','430,39',36500,'BAU','ESTOQUE',2,1,15,NULL,4,'1004','BOLETO','2018-03-09','S.PU36 Branco 300ml - / S.PU44 Cinza 300ml - /  S.PU36 Cinza 300ml - \r\n'),(270,'82929','6.271,50','','380,43',36500,'bau','SOL. JURANDIR/ ESTOQUE',2,1,101,NULL,4,'','boleto','2018-03-22','FITA VEDADORA 5X5 PRETA S-50M / FITA VEDADORA 5X6 PRETA S-50M / FITA VEDADORA 5X8 PRETA S-50M\r\n'),(271,'30182',' 34.008,54 ','3,50%',' 10.150,00 ',11689,'CONTAINER','SOL.ALEXANDRE PANKOV / ESTOQUE\r\n',2,2,68,NULL,4,'','BOLETO','2018-02-21','CANELADO INC.3/4MM 2,20 X 1,70M / ARTICO INC. 3/4MM 2,20 X 1,70M / FLORAL INCOLOR 3/4MM 2,20 X 1,70M (ME/23) / MARTELADO INC. 3/4MM 2,20 X 1,70M / MOSAICO INC.3/4MM 2,20 X 1,70M (ME/23) / SILESIA INC.4MM 2,20 X 1,70M (ME/26)\r\n'),(272,'91353','111,39','','',NULL,'','PROCESSAMENTO DE INFORMACOES\r\n',1,16,95,NULL,3,'','BOLETO','2018-03-31','PROCESSAMENTO DE INFORMACOES\r\n'),(273,'66168','111,39','','',NULL,'',' CONSULTA CHECK CHECK\r\n',1,1,95,NULL,3,'','BOLETO','2018-03-31','PROCESSAMENTO DE INFORMACOES\r\n'),(274,'162','1.327,00','','',NULL,'','EXAMES LABORATORIAS SOL. RH \r\n',1,16,76,NULL,3,'','BOLETO','2018-04-11','EXAMES LABORATORIAS\r\n'),(275,'17640','869,60','','',NULL,'','SOL. ADRIANO / OBRA ATMOSPHERE\r\n',2,16,34,NULL,3,'1089','BOLETO','2018-04-11','PERFIL C 50 X 25 X 10 X 2.00 X 6.000\r\n'),(276,'279774','256,65','','',NULL,'','SOL. ADRIEIDA/VENDA CASADA / ATENDER CLIENTE HAZA\r\n',2,16,18,NULL,3,'1117','BOLETO','2018-04-13','ACEX GUA157 ADESIV 6X11 15.25M\r\n'),(277,'216277','447,93','','',NULL,'','MANUT. PLACA OAI 2545 - EXPEDICAO/ OFICINA DO LUIZ\r\n',2,16,58,NULL,3,'1109','BOLETO','2018-04-18','DNI-4027 - SIRENE SINALIZADORA DE RE 1224V DIURNONOTUR / ETE-7575 BRANCA-BRACADEIRADENYLON390MMBRANCA / PAF-R120LJ-10M-AQII - FILTRO DIESELSEPARADOR CVALVULA / PAF-KR27004-CS - COPO DO FILTRO DIESEL C FURO PSENSOR / RHO-400 - INTERRUPTOR DO FREIOPEDAL / MHF-KX0435-D - FILTRO DE COMBUSTIVEL CARTUCHO\r\nDNI-4027 - SIRENE SINALIZADORA DE RE 1224V DIURNONOTUR / ETE-7575 BRANCA-BRACADEIRADENYLON390MMBRANCA / PAF-R120LJ-10M-AQII - FILTRO DIESELSEPARADOR CVALVULA / PAF-KR27004-CS - COPO DO FILTRO DIESEL C FURO PSENSOR / RHO-400 - INTERRUPTOR DO FREIOPEDAL / MHF-KX0435-D - FILTRO DE COMBUSTIVEL CARTUCHO\r\n'),(278,'210757','259,25','','',NULL,'','S/OC AL. ADRIANO/ OBRA DIVERSAS\r\n',2,16,35,NULL,3,'','BOLETO','2018-04-16','PASX INOX M-05X16 RI / POSX AUTO-TR.AL M-05X0,8 / CHAVE COMB.GED 1B-08MM  / CABO DE ACO GALV AF 6X25 1/2\" / CLIPS P/CABO ACO 1/2\"LEVE\r\n'),(279,'1530','520,00','','',NULL,'','USO E CONSUMO/ COMPRA DE PAO METAL ALUMINIO\r\n',2,16,22,NULL,3,'','DEPOSITO','2018-04-17','PAO FRANCES / PAO MASSA FINA\r\n'),(280,'280174','494,11','','',NULL,'','VENDA CASADA MARIA CLARA\r\n',2,16,18,NULL,3,'1126','BOLETO','2018-04-17','ACM POLIESTER CHAPA 3X1250X5000MM BRANCO BRILHANTE / PAR CHA/AAT/PHIL 4.2X38MM\r\n'),(281,'191','75,0','','',NULL,'','OBRA SHOPPING GRANDE CIRCULAR/ SOL. ADRIANO\r\n',2,16,82,NULL,3,'','BOLETO','2018-04-16','LOCAÇÃO DE EQUIPAMENTOS\r\n'),(282,'192','2.043,00','','',NULL,'','OBRA ARENA DA AMAZONIA/ SOL. ADRIANO\r\n',2,16,82,NULL,3,'','BOLETO','2018-04-16','LOCAÇÃO DE EQUIPAMENTOS\r\n'),(283,'193','165,00','','',NULL,'','OBRA SHOPPING GRANDE CIRCULAR/ SOL. ADRIANO\r\n',2,16,82,NULL,3,'','BOLETO','2018-04-16','LOCAÇÃO DE EQUIPAMENTOS\r\n'),(284,'216715','245,37','','',NULL,'','USO E CONSUMO/ SOL. ESTOQUE-TAKIANE\r\n',2,16,58,NULL,3,'1130','BOLETO','2018-04-18','PTL-21811910J - URANIA 1000 CH-4 BB20L 15W40\r\n'),(285,'2861','1.341,31','','',NULL,'','SOL RH METAL / MAT LIMPEZA\r\n',2,16,36,NULL,3,'1120','BOLETO','2018-04-17','MATERIAL DE LIMPEZA\r\n'),(286,'210923','36,30','','',NULL,'','S/OC AL. ADRIANO/ OBRA DIVERSAS\r\n',2,16,35,NULL,3,'','BOLETO','2018-04-18','ALICATE TEL.835-6.1/2\"ROB\r\n'),(287,'10569','2.333,00','','',NULL,'','USO E CONSUMO / SOL ANDREZA MORENO\r\n',2,16,102,NULL,3,'1023','BOLETO','2018-04-17','CALCA MASCULINA / CAMISA MASCULINA -BATA/  CAMISA DE MALHA - MASCULINA - DE OUTRAS MATERIAS TEXTEIS\r\n'),(288,'99419','205,76','','',NULL,'','SOL LUCIO / USO E CONSUMO\r\n',2,16,28,NULL,3,'','BOLETO','2018-04-18','POLPA DE SUCOS \r\n'),(289,'280247','857,69','','',NULL,'','SOL.ADRIEIDA VENDA CASADA MARIA CLARA\r\n',2,16,18,NULL,3,'1128','BOLETO','2018-04-18','ACM POLIESTER CHAPA 3X1250X5000MM BRANCO BRILHANTE / PAR CHA/AAT/PHIL 4.2X38MM\r\n'),(290,'2752','380','','',NULL,'','CONTRATO DE LOCAÇÃO / RENOVAÇÃO\r\n',2,16,61,NULL,3,'','BOLETO','2018-04-18','CONTRATO DE LOCAÇÃO\r\n'),(291,'718','149,70','','',NULL,'','SOL. ESTOQUE/ TAKIANE\r\n',2,16,19,NULL,3,'1131','BOLETO','2018-04-18','USO E CONSUMO\r\n'),(292,'53710',' 58.261,55 ','','',NULL,'','ESTOQUE\r\n',2,16,13,NULL,3,'1035','BOLETO','2018-04-18','PERFIL AL. SOD. AL 87 6063T5 BRI 100pc / PERFIL AL. SOD. AL 86 6063T5 BRI 300pc / PERFIL AL. SOD. AL 10 6063T5 BRI 1000pc/ /PERFIL AL. SOD. AL 50L 6063T5 BRI 60pc / PERFIL AL. SOD. AL 52 6063T5 BRI 120pc / PERFIL AL. SOD. AL 49L 6063T5 BRI 60pc / PERFIL AL. SOD. AL 51 6063T5 BRI 250pc/ PERFIL AL. SOD. AL 05 6063T5 BRI 150pc /  PERFIL AL. SOD. AL 65 6063 T52 BRI 50pc \r\n'),(293,'10933',' 643,75 ','','',NULL,'','SOL.EUNICE USO NA COZINHA\r\n',1,16,51,NULL,3,'','BOLETO','2018-04-18','GAS LIQUEFEITO DE PETROLEO\r\n');
/*!40000 ALTER TABLE `compras` ENABLE KEYS */;
UNLOCK TABLES;

--
-- Table structure for table `contatos`
--

DROP TABLE IF EXISTS `contatos`;
/*!40101 SET @saved_cs_client     = @@character_set_client */;
/*!40101 SET character_set_client = utf8 */;
CREATE TABLE `contatos` (
  `id` int(10) NOT NULL AUTO_INCREMENT,
  `celular` varchar(50) NOT NULL,
  `telefone` varchar(50) NOT NULL,
  `email` varchar(250) NOT NULL,
  `skype` varchar(250) DEFAULT NULL,
  `facebook` varchar(250) DEFAULT NULL,
  PRIMARY KEY (`id`)
) ENGINE=InnoDB AUTO_INCREMENT=2 DEFAULT CHARSET=latin1;
/*!40101 SET character_set_client = @saved_cs_client */;

--
-- Dumping data for table `contatos`
--

LOCK TABLES `contatos` WRITE;
/*!40000 ALTER TABLE `contatos` DISABLE KEYS */;
INSERT INTO `contatos` VALUES (1,'991603361','40092264','ramon.oliveira@metalaluminio.net','ramonoliveira72','Ramon Oliveira');
/*!40000 ALTER TABLE `contatos` ENABLE KEYS */;
UNLOCK TABLES;

--
-- Table structure for table `empresa`
--

DROP TABLE IF EXISTS `empresa`;
/*!40101 SET @saved_cs_client     = @@character_set_client */;
/*!40101 SET character_set_client = utf8 */;
CREATE TABLE `empresa` (
  `id` int(10) NOT NULL AUTO_INCREMENT,
  `razao_social` varchar(50) NOT NULL,
  `cnpj` varchar(50) NOT NULL,
  `endereco_id` int(10) NOT NULL,
  `contatos_id` int(10) NOT NULL,
  PRIMARY KEY (`id`),
  KEY `fk_endereco_empresa` (`endereco_id`),
  KEY `fk_contatos_empresa` (`contatos_id`),
  CONSTRAINT `fk_contatos_empresa` FOREIGN KEY (`contatos_id`) REFERENCES `contatos` (`id`),
  CONSTRAINT `fk_endereco_empresa` FOREIGN KEY (`endereco_id`) REFERENCES `endereco` (`id`)
) ENGINE=InnoDB AUTO_INCREMENT=3 DEFAULT CHARSET=latin1;
/*!40101 SET character_set_client = @saved_cs_client */;

--
-- Dumping data for table `empresa`
--

LOCK TABLES `empresa` WRITE;
/*!40000 ALTER TABLE `empresa` DISABLE KEYS */;
INSERT INTO `empresa` VALUES (1,'METAL ALUMÍNIO Ltda.','07.675.099/0001-70',1,1),(2,'Edifik Edificações Estrutura de Aluminio ltda','13.152.818/0001-71',1,1);
/*!40000 ALTER TABLE `empresa` ENABLE KEYS */;
UNLOCK TABLES;

--
-- Table structure for table `endereco`
--

DROP TABLE IF EXISTS `endereco`;
/*!40101 SET @saved_cs_client     = @@character_set_client */;
/*!40101 SET character_set_client = utf8 */;
CREATE TABLE `endereco` (
  `id` int(10) NOT NULL AUTO_INCREMENT,
  `logradouro` varchar(250) NOT NULL,
  `bairro` varchar(250) NOT NULL,
  `numero` varchar(10) NOT NULL,
  `cep` varchar(10) NOT NULL,
  `complemento` text,
  `ponto_referencia` varchar(250) DEFAULT NULL,
  PRIMARY KEY (`id`)
) ENGINE=InnoDB AUTO_INCREMENT=2 DEFAULT CHARSET=latin1;
/*!40101 SET character_set_client = @saved_cs_client */;

--
-- Dumping data for table `endereco`
--

LOCK TABLES `endereco` WRITE;
/*!40000 ALTER TABLE `endereco` DISABLE KEYS */;
INSERT INTO `endereco` VALUES (1,'Rua Primeiro de Abril','Betânia','290','69073450','casa','Próximo ao lanche Deus Proverá');
/*!40000 ALTER TABLE `endereco` ENABLE KEYS */;
UNLOCK TABLES;

--
-- Table structure for table `fornecedor`
--

DROP TABLE IF EXISTS `fornecedor`;
/*!40101 SET @saved_cs_client     = @@character_set_client */;
/*!40101 SET character_set_client = utf8 */;
CREATE TABLE `fornecedor` (
  `id` int(10) NOT NULL AUTO_INCREMENT,
  `razao_social` varchar(50) NOT NULL,
  `cnpj` varchar(50) DEFAULT NULL,
  PRIMARY KEY (`id`)
) ENGINE=InnoDB AUTO_INCREMENT=104 DEFAULT CHARSET=latin1;
/*!40101 SET character_set_client = @saved_cs_client */;

--
-- Dumping data for table `fornecedor`
--

LOCK TABLES `fornecedor` WRITE;
/*!40000 ALTER TABLE `fornecedor` DISABLE KEYS */;
INSERT INTO `fornecedor` VALUES (1,'Alcoa','1234567879'),(2,'ACOTUBO IND. E COM. LTDA',''),(3,'ARCONIC IND E COM DE METAIS',''),(4,'NITAPLAST IND E COM DE PLASTICOS',''),(5,'BELGO BEKAERT ARAMES LTDA',''),(6,'APOLO TUBOS E EQUIPAMENTOS ',''),(7,'NOVELIS DO BRASIL LTDA',''),(8,'IBRAP INDUSTRIA BRASILEIRA DE ALUMINIO E PLASTICOS',''),(9,'Companhia Brasileira Vidros Planos',''),(10,'DAY BRASIL S/A',''),(11,'Termomecanica Sao Paulo S.A.',''),(12,'ACTOS COM. IMP. EXP. LTDA',''),(13,'ALUMI COM DE PERF DE ALUMINIO LTDA',''),(14,'NITAPLAST IND E COM DE PLASTICOS',''),(15,'ITW PPF Brasil Adesivos Ltda',''),(16,'RYMO IMAGEM E PRODUTOS GRAF. DA AM LTDA','14.220.230/0001-70'),(18,'CENTRO DO ALUMINIO LTDA','01466897000106'),(19,'R D MENDES DA COSTA - ME','25344186000127'),(21,'WILBERT CRISTIANO MESSIAS DA SILVA','24435177000189'),(22,'PANIFICADORA MASTER PAN LTDA','13014296000141'),(23,'BUSINESS CENTER TREIINAMENTO LTDA','06211582000131'),(26,'CELTA IND. E COM. DE FITAS E ABRASIVOS LTDA','07664605000126'),(27,'CENTERCLIN CLINICA MEDICA LABORATORIAL LTDA','08785098000141'),(28,'DA FRUTA DISTRIBUIDORA LTDA','04916172000160'),(29,'IMPORTADORA ORIENTAL LTDA - COMPENSADÃO','04277950000119'),(30,'METALURGICA MARLIN S.S IN D. COM. IMP. EXP','23027675000120'),(31,'ANDREZZA LIVIA RODRIGUES - ME','13086903000189'),(32,'EYES NWHERE SISTEMAS INTELIGENTES DE IMAGEM LTDA','07244008000223'),(33,'CLUBE DE DIRETORES LOGISTAS DE MANAUS','04379426000159'),(34,'AMAZON COMPRESSORES COMERCIO E SERVIÇO DE EQUIPAME','08303434000171'),(35,'MF AMAZONIA LTDA','01183306000193'),(36,'HOLLD NORTE LTDA','03930404000172'),(37,'MAQMOTO MAQUINAS E MOTORES LTDA','05460431000154'),(38,'FORTE COM DE DEV DE PETRÓLEO LTDA','07848998000209'),(39,'BETA IND. E COM. DE ARTEFATOS DE BORRACHAS LTDA','0465683000190'),(40,'CAREN LUANA DE SOUZA ASSANTE - ME','15787824000120'),(41,'PAPAIZ UDINESE METAIS IND E COM LTDA','61553301000137'),(42,'METALURGICA CASER LTDA','46570420000104'),(43,'AMAZON AÇO IND. E COM. LTDA','05477207000175'),(44,'FORTE COMERCIO ATACADISTA DE PNEUS LTDA','15750903000167'),(45,'PMZ DISTRIBUIDORA S/A','22763502002584'),(46,'JLL VIANA - ME','05767167000104'),(47,'MV DE FIGUEIREDO EIRELI-ME','26287172000181'),(48,'METALURGICA GOLDEN ARTS LTDA','94354271000199'),(49,'DISTRIBUIDORA COMERCIAL REMBRAZ LTDA','00273170000140'),(50,'ESQUADGROUP SOLUÇÕES E TECNOLOGIA LTDA','14807221000180'),(51,'SOCIEDADE FOGAS LTDA','04563672000166'),(52,'AMAZON TEMPER INDUSTRIA COMERCIO E SERVICOS LTDA','0574418900140'),(53,'RP MAQUINAS E EQUIPAMENTOS','02499741000194'),(54,'STAM METALURGICA S/A','30560205000192'),(55,'BRASILMAXI LOGISTICA LTDA','59530832000162'),(56,'AL COMERCIO VAREJ DE FERRAGENS E FERRAMENTAS LTDA','12382772000114'),(57,'2M COMERCIO DE DESCARTAVEIS E PRODUTOS','21917546000181'),(58,'NORTE COM PEÇAS E ACESS E VEIC LTDA','34538850000160'),(60,'CAA COMERCIO AMAZONENSE DE ALUMINIO','09675751000182'),(61,'JLV LOCAÇÃO DE ANDAIMES','05767167000104'),(62,'EUCATUR EMPRESA UNIAO CASCAVEL','76080738013822'),(63,'BETA INDU E COM DE ARTEFATOS DE BORRACHAS','04656683000190'),(64,'ACO MANAUS IND E COM DE FERRO E ACO LTDA','11174512000271'),(65,'DISTRIBUIDORA COMERCIAL REMBRAZ LTDA','00273170000140'),(66,'NEUZA KERENN ASSANTES PRINTES DE ARAUJO','21517846000173'),(67,'INSPETORIA SALESIANE MISSIONARIA DA AMAZONIA','04373163008155'),(68,'UNIAO BRASILEIRA DE VIBROS S/A - UBV','60837689000135'),(69,'H MECH TUBOS E CONEXOS LTDA','02703877000174'),(70,'PANAMERICAN ELETRIC DO BRASIL','04964101000133'),(71,'PANAMERICAN ELETRIC DO BRASIL','04964101000133'),(72,'INDUSTRIA ROSSI ELETROMECANICA LTDA','00736546000105'),(73,'TAPAJOS COMERCIO DE MEDICAMENTOS LTDA','84521053001543'),(74,'MANOEL LUIS R FREITAS - ME','09343741000140'),(75,'NABIO OLIVEIRA DUARTE - ME','08413624000142'),(76,'LABORATORIO SÃO JOSE LTDA','22787139000160'),(77,'SAGE BRASIL SOFTWARE S/A','64555626000147'),(78,'GIRO SISTEMAS LTDA','07805905000188'),(79,'GLOBAL PAYMENTS - SERV DE PAGAMENTOS','17887874000145'),(82,'JB ANDAIMES','09.518.795/0001-07'),(83,'O M DOS SANTOS','02.409.469/0001-04'),(84,'D S BENAYON FILHO','84.504.935/0001-03'),(85,'M DO S L DE ARAUJO-ME','845245030001-56'),(86,'EPTUS SERVICE PACK IMP EXP LTDA','02.163.621/0001-11'),(87,'M A DA COSTA SANTOS ','04.340.513/0001-00'),(88,'SYLVIA P DA COSTA RAMOS','23.318.893/0001-13'),(89,'ECONET EDITORA EMPRESARIAL LTDA','05.330.384/0001-24'),(90,'JEFFERSON RODRIGUES DE OLIVEIRA','14.848.424/0001-15'),(91,'BA ELETRICA LTDA','02.887.535/0001-51'),(92,'ALEGRA INDUSTRIA E COMERCIO LTDA','04.571.587/0001-40'),(93,'L J GUERRA E CIA LTDA','04.501.136/0001-36'),(94,'UFT DA AMAZÂNIA INDUSTRIA MECANICA LTDA','07.021.527/0001-41'),(95,'CONNECT INFORMACOES E TECNOLOGIA SA','00.850.820/0001-72'),(96,'SV INSTALACOES LTDA','84.089.358/0001-22'),(97,'MAXPEL COMERCIAL LTDA','84.509.264/0001-65'),(98,'MAXPEL COMERCIAL LTDA','84.509.264/0001-65'),(99,'H. I. CONFECCOES LTDA','15.779.333/0001-38'),(100,'TSM COMERCIO DE EQUIPAMENTOS E SISTEMAS','19.795.717/0001-03'),(101,'SCHLEGEL AMERICA LATINA - VEDACAO ESQ E EXT LTDA','48.632.939/0001-03'),(102,'GREGOLETTO e CEMBRANI LTDA','00.944.206/0001-70'),(103,'Sociedade Fogas Ltda','04.563.672/0001-66');
/*!40000 ALTER TABLE `fornecedor` ENABLE KEYS */;
UNLOCK TABLES;

--
-- Table structure for table `produtos`
--

DROP TABLE IF EXISTS `produtos`;
/*!40101 SET @saved_cs_client     = @@character_set_client */;
/*!40101 SET character_set_client = utf8 */;
CREATE TABLE `produtos` (
  `id` int(10) NOT NULL AUTO_INCREMENT,
  `descricao` varchar(250) DEFAULT NULL,
  `codigo_fabricante` varchar(250) DEFAULT NULL,
  `fabricante` varchar(250) DEFAULT NULL,
  PRIMARY KEY (`id`)
) ENGINE=InnoDB AUTO_INCREMENT=2 DEFAULT CHARSET=latin1;
/*!40101 SET character_set_client = @saved_cs_client */;

--
-- Dumping data for table `produtos`
--

LOCK TABLES `produtos` WRITE;
/*!40000 ALTER TABLE `produtos` DISABLE KEYS */;
INSERT INTO `produtos` VALUES (1,'CHAPA AL XADREZ 5052 1,5X1000X2500','143','CHAPA NAVAL');
/*!40000 ALTER TABLE `produtos` ENABLE KEYS */;
UNLOCK TABLES;

--
-- Table structure for table `recebimento`
--

DROP TABLE IF EXISTS `recebimento`;
/*!40101 SET @saved_cs_client     = @@character_set_client */;
/*!40101 SET character_set_client = utf8 */;
CREATE TABLE `recebimento` (
  `id` int(10) NOT NULL AUTO_INCREMENT,
  `previsao_chegada_manaus` date NOT NULL,
  `previsao_chegada_loja` date NOT NULL,
  `chegada_loja` date DEFAULT NULL,
  `data_entrega_fiscal` date DEFAULT NULL,
  `responsavel_rec` varchar(250) DEFAULT NULL,
  `status_rec` varchar(250) DEFAULT NULL,
  `compras_id` int(10) NOT NULL,
  PRIMARY KEY (`id`),
  KEY `fk_compras_recebimento` (`compras_id`),
  CONSTRAINT `fk_compras_recebimento` FOREIGN KEY (`compras_id`) REFERENCES `compras` (`id`)
) ENGINE=InnoDB AUTO_INCREMENT=277 DEFAULT CHARSET=latin1;
/*!40101 SET character_set_client = @saved_cs_client */;

--
-- Dumping data for table `recebimento`
--

LOCK TABLES `recebimento` WRITE;
/*!40000 ALTER TABLE `recebimento` DISABLE KEYS */;
INSERT INTO `recebimento` VALUES (7,'2018-01-02','2018-01-02','2018-01-02','2018-01-02','Thiciane','Recebido',7),(8,'2018-01-08','2018-01-08','2018-01-08','2018-01-08','Thiciane','Recebido',8),(9,'2018-01-11','2018-01-11','2018-01-11','2018-01-12','Carolina','Recebido',9),(10,'2018-01-10','2018-01-11','2018-01-11','2018-01-12','Carolina','Recebido',10),(11,'2018-01-12','2018-01-12','2018-01-12','2018-01-12','Carolina','Recebido',11),(12,'2018-01-11','2018-01-11','2018-01-11','2018-01-11','Thiciane','Recebido',12),(13,'2018-01-11','2018-01-11','2018-01-11','2018-01-12','Andreza','Recebido',13),(14,'2018-01-11','2018-01-11','2018-01-11','2018-01-12','Thiciane','Recebido',14),(15,'2018-01-11','2018-01-11','2018-01-11','2018-01-12','Thiciane','Recebido',15),(17,'2018-01-11','2018-01-11','2018-01-11','2018-01-11','Thiciane','Recebido',16),(18,'2018-01-12','2018-01-12','2018-01-12','2018-01-12','Thiciane','Recebido',17),(19,'2018-01-12','2018-01-12','2018-01-12','2018-01-12','Thiciane','Recebido',18),(20,'2018-01-15','2018-01-15','2018-01-15','2018-01-15','Thiciane','Recebido',19),(21,'2018-01-15','2018-01-15','2018-01-15','2018-01-15','Thiciane','Recebido',20),(22,'2018-01-11','2018-01-11','2018-01-11','2018-01-15','Thiciane','Recebido',21),(23,'2018-01-17','2018-01-17','2018-01-17','2018-01-17','Thiciane','Recebido',22),(24,'2018-01-17','2018-01-17','2018-01-17','2018-01-17','Thiciane','Recebido',23),(25,'2018-01-17','2018-01-17','2018-01-17','2018-01-17','Thiciane','Recebido',24),(26,'2018-01-12','2018-01-12','2018-01-12','2018-01-17','Thiciane','Recebido',25),(28,'2018-01-17','2018-01-17','2018-01-17','2018-01-17','Andreza','Recebido',26),(29,'2018-01-17','2018-01-17','2018-01-17','2018-01-17','Thiciane','Recebido',27),(30,'2018-01-17','2018-01-17','2018-01-17','2018-01-17','Thiciane','Recebido',29),(31,'2018-02-05','2018-02-09',NULL,NULL,'Thiciane','Aguardando',28),(32,'2018-01-17','2018-01-17','2018-01-17','2018-01-17','Thiciane','Recebido',30),(33,'2018-01-16','2018-01-17','2018-01-17','2018-01-20','Thiciane','Recebido',31),(34,'2018-01-16','2018-01-16','2018-01-17','2018-01-20','Thiciane','Recebido',32),(35,'2018-01-16','2018-01-16','2018-01-17','2018-01-17','Thiciane','Recebido',33),(36,'2018-01-17','2018-01-17','2018-01-18','2018-01-20','Silvio motorista','Recebido',34),(37,'2018-01-17','2018-01-17','2018-01-18','2018-01-18','Silvio motorista','Recebido',35),(38,'2018-01-18','2018-01-18','2018-01-19','2018-01-20','Armando - Motorista','Recebido',36),(39,'2018-01-18','2018-01-18','2018-01-19','2018-01-19','Thiciane','Recebido',37),(40,'2018-01-19','2018-01-19','2018-01-19','2018-01-20','Andreza','Recebido',38),(41,'2018-01-18','2018-01-18','2018-01-19','2018-01-20','Thiciane','Recebido',39),(42,'2018-01-04','2018-01-04','2018-01-04','2018-01-20','Carolina','Recebido',40),(43,'2018-01-23','2018-01-22','2018-01-22','2018-01-22','CAROL CASTRO','Recebido',41),(44,'2018-01-16','2018-01-16','2018-01-22','2018-01-22','Thiciane','Recebido',42),(45,'2018-01-16','2018-01-16','2018-01-22','2018-01-22','Thiciane','Recebido',43),(46,'2018-01-09','2018-01-09','2018-01-23','2018-01-23','Thiciane','Recebido',44),(47,'2018-01-09','2018-01-09','2018-01-23','2018-01-23','Thiciane','Recebido',45),(48,'2018-01-18','2018-01-18','2018-01-18','2018-01-23','CAROL CASTRO','Recebido',46),(49,'2018-01-18','2018-01-18','2018-01-18','2018-01-23','CAROL CASTRO','Recebido',47),(50,'2018-01-23','2018-01-23','2018-01-23','2018-01-23','CAROL CASTRO','Recebido',48),(51,'2018-01-23','2018-01-23','2018-01-23','2018-01-23','CAROL CASTRO','Recebido',49),(52,'2018-01-22','2018-01-22','2018-01-23','2018-01-23','CAROL CASTRO','Recebido',50),(53,'2018-01-19','2018-01-19','2018-01-23','2018-01-23','MOTORISTA GIOVANE','Recebido',51),(54,'2018-01-23','2018-01-23','2018-01-24','2018-01-24','MOTORISTA ARMANDO','Recebido',52),(55,'2018-01-24','2018-01-24','2018-01-24','2018-01-24','CAROL CASTRO','Recebido',50),(56,'2018-01-23','2018-01-23','2018-01-23','2018-01-24','CAROL CASTRO','Recebido',54),(57,'2018-01-24','2018-01-24','2018-01-24','2018-01-24','CAROL CASTRO','Recebido',55),(58,'2018-01-22','2018-01-22','2018-01-22','2018-01-24','CAROL CASTRO','Recebido',56),(59,'2018-01-22','2018-01-22','2018-01-22','2018-01-25','CAROL CASTRO','Recebido',57),(60,'2018-01-22','2018-01-22','2018-01-22','2018-01-25','CAROL CASTRO','Recebido',58),(61,'2018-01-22','2018-01-22','2018-01-22','2018-01-25','CAROL CASTRO','Recebido',59),(62,'2018-01-25','2018-01-25','2018-01-25','2018-01-25','CAROL CASTRO','Recebido',60),(63,'2018-01-02','2018-01-24','2018-01-24','2018-01-31','Carolina','Recebido',61),(64,'2018-01-23','2018-01-23','2018-01-23','2018-01-31','Thiciane','Recebido',62),(65,'2018-01-24','2018-01-24','2018-01-24','2018-01-31','Carolina','Recebido',63),(66,'2018-01-25','2018-01-25','2018-01-25','2018-01-31','Carolina','Recebido',64),(67,'2018-01-25','2018-01-25','2018-01-25','2018-01-31','Carolina','Recebido',65),(68,'2018-01-27','2018-01-27','2018-01-27','2018-01-31','Carolina','Recebido',66),(69,'2018-01-29','2018-01-29','2018-01-29','2018-01-31','Carolina','Recebido',67),(70,'2018-01-18','2018-01-18','2018-01-22','2018-01-31','Carolina','Recebido',68),(71,'2018-01-31','2018-01-31','2018-01-31','2018-01-31','CAROL CASTRO','Recebido',69),(72,'2018-01-31','2018-01-31','2018-01-31','2018-01-31','CAROL CASTRO','Recebido',70),(73,'2018-01-31','2018-01-31','2018-01-31','2018-01-31','CAROL CASTRO','Recebido',71),(74,'2018-01-27','2018-01-27','2018-01-31','2018-01-31','CAROL CASTRO','Recebido',72),(75,'2018-01-20','2018-01-20','2018-01-31','2018-01-31','CAROL CASTRO','Recebido',73),(76,'2018-01-24','2018-01-24','2018-01-24','2018-01-31','CAROL CASTRO','Recebido',74),(77,'2018-01-29','2018-01-29','2018-01-29','2018-01-31','CAROL CASTRO','Recebido',75),(78,'2018-01-30','2018-01-31','2018-02-01','2018-03-01','CAROL CASTRO','Recebido',76),(79,'2018-01-31','2018-01-31','2018-01-31','2018-01-31','CAROL CASTRO','Recebido',77),(80,'2018-01-31','2018-01-31','2018-01-31','2018-01-31','CAROL CASTRO','Recebido',78),(81,'2018-03-01','2018-02-01','2018-02-03','2018-02-03','Thiciane','Recebido',79),(82,'2018-02-01','2018-02-01','2018-02-03','2018-02-03','Thiciane','Recebido',80),(83,'2018-02-02','2018-02-02','2018-02-06','2018-02-06','Thiciane','Recebido',81),(84,'2018-02-05','2018-02-05','2018-02-06','2018-02-06','Thiciane','Recebido',82),(85,'2018-02-05','2018-02-05','2018-02-06','2018-02-06','Thiciane','Recebido',83),(86,'2018-02-02','2018-02-02','2018-02-06','2018-02-06','Thiciane','Recebido',84),(87,'2018-01-02','2018-01-02','2018-01-02','2018-01-02','Thiciane','Recebido',85),(88,'2018-01-31','2018-01-31','2018-01-31','2018-01-31','Thiciane','Recebido',86),(89,'2018-02-07','2018-02-07','2018-02-08','2018-02-20','Lucio','Recebido',87),(90,'2018-02-20','2018-02-20','2018-02-20','2018-02-20','Thiciane','Recebido',88),(92,'2018-02-27','2018-02-27','2018-02-27','2018-02-28','Thiciane','Recebido',90),(93,'2018-02-27','2018-02-27','2018-02-28','2018-02-28','Thiciane','Recebido',91),(94,'2018-02-27','2018-02-27','2018-02-28','2018-02-28','Thiciane','Recebido',92),(95,'2018-02-26','2018-02-26','2018-02-26','2018-02-26','Thiciane','Recebido',93),(96,'2018-02-27','2018-02-27','2018-02-28','2018-02-28','Thiciane','Recebido',94),(97,'2018-02-28','2018-02-28','2018-02-28','2018-03-01','Thiciane','Recebido',95),(98,'2018-03-01','2018-03-01','2018-03-01','2018-03-01','Thiciane','Recebido',96),(99,'2018-03-01','2018-03-01','2018-03-01','2018-03-01','Thiciane','Recebido',97),(100,'2018-03-01','2018-03-01','2018-03-01','2018-03-01','Thiciane','Recebido',98),(101,'2018-02-28','2018-02-28','2018-02-28','2018-03-28','Thiciane','Recebido',99),(102,'2018-02-28','2018-02-28','2018-02-28','2018-02-28','Thiciane','Recebido',100),(103,'2018-02-28','2018-02-28','2018-02-28','2018-02-28','Thiciane','Recebido',101),(104,'2018-02-28','2018-02-28','2018-02-28','2018-02-28','Thiciane','Recebido',102),(105,'2018-03-01','2018-03-01','2018-03-01','2018-03-01','Thiciane','Recebido',103),(106,'2018-03-01','2018-03-01','2018-03-01','2018-03-02','Thiciane','Recebido',104),(107,'2018-03-01','2018-03-01','2018-03-01','2018-03-02','Thiciane','Recebido',105),(108,'2018-03-01','2018-03-01','2018-03-01','2018-03-02','Thiciane','Recebido',106),(109,'2018-03-01','2018-03-01','2018-03-01','2018-03-02','Thiciane','Recebido',107),(110,'2018-03-01','2018-03-01','2018-03-01','2018-03-02','Thiciane','Recebido',107),(111,'2018-01-22','2018-01-22','2018-01-31','2018-01-31','Thiciane','Recebido',109),(112,'2018-01-31','2018-01-31','2018-01-31','2018-01-31','Thiciane','Recebido',110),(113,'2018-02-28','2018-02-28','2018-02-28','2018-02-28','Thiciane','Recebido',111),(114,'2018-02-28','2018-02-28','2018-02-28','2018-02-28','Thiciane','Recebido',112),(115,'2018-02-28','2018-02-28','2018-02-28','2018-02-28','Thiciane','Recebido',113),(116,'2018-02-28','2018-02-28','2018-02-28','2018-02-28','Thiciane','Recebido',114),(117,'2018-02-28','2018-02-28','2018-02-28','2018-02-28','Thiciane','Recebido',115),(118,'2018-02-28','2018-02-28','2018-02-28','2018-02-28','Thiciane','Recebido',116),(119,'2018-02-28','2018-02-28','2018-02-28','2018-02-28','Thiciane','Recebido',117),(120,'2018-02-28','2018-02-28','2018-02-28','2018-02-28','Thiciane','Recebido',118),(121,'2018-02-28','2018-02-28','2018-02-28','2018-02-28','Thiciane','Recebido',119),(122,'2018-02-28','2018-02-28','2018-02-28','2018-02-28','Thiciane','Recebido',120),(123,'2018-03-19','2018-03-19','2018-03-19','2018-03-22','MOTORISTA ARMANDO','Recebido',121),(124,'2018-02-23','2018-02-23','2018-02-23','2018-03-23','Thiciane','Recebido',141),(125,'2018-04-11','2018-04-11','2018-04-11','2018-04-11','Thiciane','Recebido',142),(126,'2018-04-11','2018-04-11','2018-04-11','2018-04-11','KATIA E- MAIL','Recebido',143),(127,'2018-04-11','2018-04-11','2018-04-11','2018-04-11','KATIA E-MAIL','Recebido',144),(128,'2018-04-11','2018-04-11','2018-04-11','2018-04-11','KATIA E-MAIL','Recebido',147),(129,'2018-04-11','2018-04-11','2018-04-11','2018-04-11','KATIA E-MAIL','Recebido',148),(130,'2018-04-11','2018-04-11','2018-04-11','2018-04-11','KATIA PEDRO PANCOV','Recebido',149),(131,'2018-04-11','2018-04-11','2018-04-11','2018-04-11','KATIA PEDRO PANCOV','Recebido',149),(132,'2018-04-11','2018-04-11','2018-04-11','2018-04-11','KATIA MOTORISTA','Recebido',150),(133,'2018-04-11','2018-04-11','2018-04-11','2018-04-11','KATIA MOTORISTA','Recebido',151),(134,'2018-04-11','2018-04-11','2018-04-11','2018-04-11','THICIANE/ MOTORISTA','Recebido',153),(135,'2018-04-11','2018-04-11','2018-04-11','2018-04-11','THICIANE /E-MAIL','Recebido',154),(136,'2018-03-02','2018-03-02','2018-03-02','2018-03-02','THICIANE/ E-MAIL','Recebido',155),(137,'2018-03-05','2018-03-05','2018-03-05','2018-03-05','THICIANE/ MOTORISTA','Recebido',156),(138,'2018-03-05','2018-03-05','2018-03-05','2018-03-05','THICIANE/ MOTORISTA','Recebido',157),(139,'2018-03-05','2018-03-05','2018-03-05','2018-03-05','THICIANE/ MOTORISTA','Recebido',158),(141,'2018-03-05','2018-03-05','2018-03-05','2018-03-05','THICIANE/ MOTORISTA','Recebido',159),(142,'2018-03-05','2018-03-05','2018-03-05','2018-03-05','THICIANE/ MOTORISTA','Recebido',160),(143,'2018-03-05','2018-03-05','2018-03-05','2018-03-05','THICIANE/ MOTORISTA','Recebido',161),(145,'2018-03-13','2018-03-13','2018-03-13','2018-03-13','THICIANE/ MOTORISTA','Recebido',163),(146,'2018-03-13','2018-03-13','2018-03-13','2018-03-13','THICIANE/ MOTORISTA','Recebido',164),(147,'2018-04-11','2018-04-11','2018-04-11','2018-04-11','THICIANE/ MOTORISTA','Recebido',165),(148,'2018-03-19','2018-03-19','2018-03-19','2018-03-19','THICIANE','Recebido',166),(149,'2018-03-13','2018-03-13','2018-03-13','2018-03-13','THICIANE/ MOTORISTA','Recebido',168),(150,'2018-03-13','2018-03-13','2018-03-13','2018-03-13','THICIANE/ MOTORISTA','Recebido',167),(151,'2018-03-13','2018-03-13','2018-03-13','2018-03-13','THICIANE / MOTORISTA','Recebido',162),(152,'2018-03-14','2018-03-14','2018-03-14','2018-03-14','THICIANE / MOTORISTA','Recebido',169),(153,'2018-03-14','2018-03-14','2018-03-14','2018-03-14','THICIANE/ E-MAIL','Recebido',170),(154,'2018-03-13','2018-03-13','2018-03-13','2018-03-13','THICIANE / MOTORISTA','Recebido',171),(155,'2018-03-15','2018-03-15','2018-03-15','2018-03-15','THICIANE / MOTORISTA','Recebido',172),(156,'2018-03-14','2018-03-14','2018-03-14','2018-03-14','THICIANE/ MOTORISTA','Recebido',173),(157,'2018-03-15','2018-03-15','2018-03-15','2018-03-15','THICIANE/ E-MAIL','Recebido',174),(158,'2018-03-07','2018-03-07','2018-03-07','2018-03-07','THICIANE / MOTORISTA','Recebido',175),(159,'2018-03-15','2018-03-15','2018-03-15','2018-03-15','THICIANE / MOTORISTA','Recebido',176),(160,'2018-03-07','2018-03-07','2018-03-07','2018-03-07','THICIANE/ MOTORISTA','Recebido',177),(161,'2018-03-15','2018-03-15','2018-03-15','2018-03-15','THICIANE/ E-MAIL','Recebido',178),(162,'2018-03-15','2018-03-15','2018-03-15','2018-03-15','THICIANE/ MOTORISTA','Recebido',179),(163,'2018-03-06','2018-03-06','2018-03-06','2018-03-06','THICIANE / MOTORISTA','Recebido',180),(164,'2018-03-15','2018-03-15','2018-03-15','2018-03-15','THICIANE / E-MAIL','Recebido',181),(165,'2018-03-05','2018-03-05','2018-03-05','2018-03-05','THICIANE/ E-MAIL','Recebido',182),(166,'2018-03-02','2018-03-02','2018-03-02','2018-03-02','THICIANE/ MOTORISTA','Recebido',183),(167,'2018-03-15','2018-03-15','2018-03-15','2018-03-15','THICIANE/ MOTORISTA','Recebido',184),(168,'2018-03-16','2018-03-16','2018-03-16','2018-03-16','THIICANE/ MOTORISTA','Recebido',185),(169,'2018-03-16','2018-03-16','2018-03-16','2018-03-16','THICIANE/ MOTORISTA','Recebido',187),(170,'2018-03-16','2018-03-16','2018-03-16','2018-03-16','THICIANE/ DANIEL','Recebido',186),(171,'2018-03-14','2018-03-14','2018-03-14','2018-03-14','THICIANE / MOTORISTA','Recebido',188),(172,'2018-03-14','2018-03-14','2018-03-14','2018-03-14','THICIANE/ MOTORISTA','Recebido',189),(173,'2018-03-16','2018-03-16','2018-03-16','2018-03-16','THICIANE/ MOTORISTA','Recebido',190),(174,'2018-03-16','2018-03-16','2018-03-16','2018-03-16','THICIANE/ MOTORISTA','Recebido',191),(175,'2018-03-16','2018-03-16','2018-03-16','2018-03-16','THICIANE/ MOTORISTA','Recebido',192),(176,'2018-03-16','2018-03-16','2018-03-16','2018-03-16','THICIANE / MOTORISTA','Recebido',193),(177,'2018-03-16','2018-03-16','2018-03-16','2018-03-16','THICIANE/ MOTORISTA','Recebido',194),(178,'2018-03-16','2018-03-16','2018-03-16','2018-03-16','THICIANE / MOTORISTA','Recebido',195),(179,'2018-03-16','2018-03-16','2018-03-16','2018-03-16','THICIANE/ MOTORISTA','Recebido',196),(180,'2018-03-16','2018-03-16','2018-03-16','2018-03-16','THICIANE/ MOTORISTA','Recebido',197),(181,'2018-03-17','2018-03-17','2018-03-17','2018-03-17','THICIANE/ E-MAIL','Recebido',198),(182,'2018-03-17','2018-03-17','2018-03-17','2018-03-17','THICIANE / MOTORISTA','Recebido',199),(183,'2018-03-19','2018-03-19','2018-03-19','2018-03-19','THICIANE/ E-MAIL','Recebido',200),(184,'2018-04-22','2018-04-22','2018-04-22','2018-04-22','THICIANE / MOTORISTA','Recebido',201),(185,'2018-03-22','2018-03-22','2018-03-22','2018-03-22','THICIANE/ MOTORISTA','Recebido',202),(186,'2018-03-22','2018-03-22','2018-03-22','2018-03-22','THICIANE / MOTORISTA','Recebido',203),(187,'2018-03-19','2018-03-19','2018-03-19','2018-03-19','THICIANE / MOTORISTA','Recebido',204),(188,'2018-03-22','2018-03-22','2018-03-22','2018-03-22','THICIANE/ MOTORISTA','Recebido',205),(189,'2018-03-29','2018-03-22','2018-03-22','2018-03-22','THICIANE/ MOTORISTA','Recebido',206),(190,'2018-03-23','2018-03-23','2018-03-23','2018-03-23','THICIANE / CLIENTE-ESTOQUE','Recebido',207),(191,'2018-03-23','2018-03-23','2018-03-23','2018-03-23','THICIANE/ CLIENTE-ESTOQUE','Recebido',208),(192,'2018-03-28','2018-03-28','2018-03-28','2018-03-28','THICIANE/ E-MAIL','Recebido',209),(193,'2018-03-28','2018-03-28','2018-03-28','2018-03-28','THICIANE / E-MAIL','Recebido',210),(194,'2018-03-28','2018-03-28','2018-03-28','2018-03-28','THICIANE/ MOTORISTA','Recebido',211),(195,'2018-03-28','2018-03-28','2018-03-28','2018-03-28','THICIANE/ E-MAIL','Recebido',212),(196,'2018-03-28','2018-03-28','2018-03-28','2018-03-28','THICIANE / E-MAIL','Recebido',213),(197,'2018-03-28','2018-03-28','2018-03-28','2018-03-28','THICIANE/ E-MAIL','Recebido',214),(198,'2018-03-28','2018-03-28','2018-03-28','2018-03-28','THICIANE/ MOTORISTA','Recebido',215),(199,'2018-03-28','2018-03-28','2018-03-28','2018-03-28','THICIANE/ MOTORISTA','Recebido',216),(200,'2018-03-28','2018-03-28','2018-03-28','2018-03-28','THICIANE/ MOTORISTA','Recebido',217),(201,'2018-03-28','2018-03-28','2018-03-28','2018-03-28','THIICANE/ MOTORISTA','Recebido',218),(202,'2018-03-28','2018-03-28','2018-03-28','2018-03-28','THICIANE / MOTORISTA','Recebido',219),(203,'2018-03-28','2018-03-28','2018-03-28','2018-03-28','THICIANE / MOTORISTA','Recebido',220),(204,'2018-03-28','2018-03-28','2018-03-28','2018-03-28','THICIANE/ MOTORISTA','Recebido',221),(205,'2018-03-28','2018-03-28','2018-03-28','2018-03-28','THICIANE/ EMAIL','Recebido',222),(206,'2018-03-29','2018-03-29','2018-03-29','2018-03-29','THICIANE/ MOTORISTA','Recebido',223),(207,'2018-03-29','2018-03-29','2018-03-29','2018-03-29','THICIANE/ MOTORISTA','Recebido',224),(208,'2018-03-31','2018-03-31','2018-03-31','2018-03-31','THICIANE/ MOTORISTA','Recebido',225),(209,'2018-03-31','2018-03-31','2018-03-31','2018-03-31','THICIANE / MOTORISTA','Recebido',226),(210,'2018-03-31','2018-03-31','2018-03-31','2018-03-31','THICIANE/ MOTORISTA','Recebido',227),(211,'2018-04-05','2018-04-05','2018-04-05','2018-04-05','THICIANE / MOTORISTA','Recebido',228),(212,'2018-04-05','2018-04-05','2018-04-05','2018-04-05','THICIANE/ E-MAIL','Recebido',229),(213,'2018-04-05','2018-04-05','2018-04-05','2018-04-05','THICIANE/ MOTORISTA','Recebido',230),(214,'2018-04-05','2018-04-05','2018-04-05','2018-04-05','THICIANE / MOTORISTA','Recebido',231),(215,'2018-04-05','2018-04-05','2018-04-05','2018-04-05','THICIANE/ MOTORISTA','Recebido',232),(216,'2018-04-06','2018-04-06','2018-04-06','2018-04-06','THICIANE / E-MAIL','Recebido',233),(217,'2018-04-09','2018-04-09','2018-04-09','2018-04-09','THICIANE/ MOTORISTA','Recebido',234),(218,'2018-04-09','2018-04-09','2018-04-09','2018-04-09','THICIANE / MOTORISTA','Recebido',235),(219,'2018-04-09','2018-04-09','2018-04-09','2018-04-09','THICIANE / MOTORISTA','Recebido',236),(220,'2018-04-09','2018-04-09','2018-04-09','2018-04-09','THICIANE / MOTORISTA ','Recebido',237),(221,'2018-04-09','2018-04-09','2018-04-09','2018-04-09','THICIANE/ MOTORISTA','Recebido',238),(222,'2018-04-09','2018-04-09','2018-04-09','2018-04-09','THICIANE / MOTORISTA','Recebido',239),(223,'2018-04-09','2018-04-09','2018-04-09','2018-04-09','THICIANE / MOTORISTA','Recebido',240),(224,'2018-04-10','2018-04-10','2018-04-10','2018-04-10','THICIANE/ MOTORISTA','Recebido',241),(227,'2018-03-05','2018-03-05','2018-03-05','2018-03-05','THICIANE/ E-MAIL','Recebido',244),(228,'2018-03-06','2018-03-06','2018-03-06','2018-03-06','THICIANE/ E-MAIL','Recebido',245),(229,'2018-03-13','2018-03-13','2018-03-13','2018-03-13','THICIANE / MOTORISTA','Recebido',246),(230,'2018-03-16','2018-03-16','2018-03-16','2018-03-16','THICIANE/ E-MAIL','Recebido',247),(231,'2018-03-16','2018-03-16','2018-03-16','2018-03-16','THICIANE/ E-MAIL','Recebido',248),(232,'2018-03-17','2018-03-17','2018-03-17','2018-03-17','THICIANE/ MOTORISTA','Recebido',249),(233,'2018-03-22','2018-03-22','2018-03-22','2018-03-22','THICIANE / MOTORISTA','Recebido',250),(234,'2018-03-22','2018-03-22','2018-03-22','2018-03-22','THICIANE/ MOTORISTA','Recebido',251),(235,'2018-03-22','2018-03-22','2018-03-22','2018-03-22','THICIANE/ MOTORISTA','Recebido',252),(236,'2018-03-22','2018-03-22','2018-03-22','2018-03-22','THICIANE/ RAMON','Recebido',253),(237,'2018-03-28','2018-03-28','2018-03-28','2018-03-28','THICIANE/ E-MAIL','Recebido',254),(238,'2018-04-03','2018-04-03','2018-04-03','2018-04-03','THICIANE/ E-MAIL','Recebido',255),(239,'2018-03-31','2018-03-31','2018-03-31','2018-03-31','THICIANE/ E-MAIL','Recebido',256),(240,'2018-03-31','2018-03-31','2018-03-31','2018-03-31','THICIANE/ E-MAIL','Recebido',257),(241,'2018-04-06','2018-04-06','2018-04-06','2018-04-06','THICIANE/ E-MAIL','Recebido',258),(242,'2018-04-06','2018-04-06','2018-04-06','2018-04-06','THICIANE/ E-MAIL','Recebido',259),(243,'2018-04-11','2018-04-11','2018-04-11','2018-04-11','THICIANE/ E-MAIL','Recebido',260),(244,'2018-04-11','2018-04-11','2018-04-11','2018-04-11','THICIANE/ E-MAIL','Recebido',261),(245,'2018-04-11','2018-04-11','2018-04-11','2018-04-11','THICIANE/ E-MAIL','Recebido',262),(246,'2018-04-11','2018-04-11','2018-04-11','2018-04-11','THICIANE/ E-MAIL','Recebido',263),(247,'2018-04-14','2018-04-14','2018-04-14','2018-04-14','KATIA','Recebido',264),(248,'2018-04-06','2018-04-06','2018-04-06','2018-04-06','KATIA','Recebido',265),(249,'2018-04-06','2018-04-06','2018-04-06','2018-04-06','KATIA','Recebido',266),(250,'2018-04-06','2018-04-06','2018-04-06','2018-04-06','KATIA','Recebido',267),(251,'2018-04-10','2018-04-10','2018-04-10','2018-04-10','KATIA','Recebido',268),(252,'2018-04-13','2018-04-13','2018-04-13','2018-04-13','KATIA','Recebido',269),(253,'2018-04-13','2018-04-13','2018-04-13','2018-04-13','KATIA','Recebido',270),(254,'2018-04-16','2018-04-16','2018-04-16','2018-04-16','KATIA','Recebido',271),(255,'2018-04-13','2018-04-13','2018-04-13','2018-04-13','KATIA','Recebido',272),(256,'2018-03-31','2018-03-31','2018-03-31','2018-03-31','KATIA','Recebido',273),(257,'2018-04-11','2018-04-11','2018-04-11','2018-04-11','KATIA','Recebido',274),(258,'2018-04-11','2018-04-11','2018-04-11','2018-04-11','KATIA','Recebido',275),(259,'2018-04-13','2018-04-13','2018-04-13','2018-04-13','KATIA','Recebido',276),(260,'2018-04-18','2018-04-18','2018-04-18','2018-04-18','KATIA','Recebido',277),(261,'2018-04-18','2018-04-18','2018-04-18','2018-04-18','KATIA','Recebido',278),(262,'2018-04-17','2018-04-17','2018-04-17','2018-04-17','KATIA','Recebido',279),(263,'2018-04-17','2018-04-17','2018-04-17','2018-04-17','KATIA','Recebido',280),(264,'2018-04-18','2018-04-18','2018-04-18','2018-04-18','KATIA','Recebido',281),(265,'2018-04-18','2018-04-18','2018-04-18','2018-04-18','KATIA','Recebido',282),(266,'2018-04-18','2018-04-18','2018-04-18','2018-04-18','KATIA','Recebido',283),(267,'2018-04-18','2018-04-18','2018-04-18','2018-04-18','KATIA','Recebido',284),(268,'2018-04-18','2018-04-18','2018-04-18','2018-04-18','KATIA','Recebido',285),(269,'2018-04-18','2018-04-18','2018-04-18','2018-04-18','KATIA','Recebido',286),(270,'2018-04-18','2018-04-18','2018-04-18','2018-04-18','KATIA','Recebido',287),(271,'2018-04-18','2018-04-18','2018-04-18','2018-04-18','KATIA','Recebido',288),(272,'2018-04-18','2018-04-18','2018-04-18','2018-04-18','KATIA','Recebido',289),(273,'2018-04-18','2018-04-18','2018-04-18','2018-04-18','KATIA','Recebido',290),(274,'2018-04-18','2018-04-18','2018-04-18','2018-04-18','KATIA','Recebido',291),(275,'2018-04-18','2018-04-18','2018-04-18','2018-04-18','KATIA','Recebido',292),(276,'2018-04-18','2018-04-18','2018-04-18','2018-04-18','KATIA','Recebido',293);
/*!40000 ALTER TABLE `recebimento` ENABLE KEYS */;
UNLOCK TABLES;

--
-- Table structure for table `selecaoprodutos`
--

DROP TABLE IF EXISTS `selecaoprodutos`;
/*!40101 SET @saved_cs_client     = @@character_set_client */;
/*!40101 SET character_set_client = utf8 */;
CREATE TABLE `selecaoprodutos` (
  `id` int(10) NOT NULL AUTO_INCREMENT,
  `produtos_id` int(10) NOT NULL,
  `quantidade` int(10) NOT NULL,
  PRIMARY KEY (`id`),
  KEY `seleciona_produtos_fk` (`produtos_id`),
  CONSTRAINT `seleciona_produtos_fk` FOREIGN KEY (`produtos_id`) REFERENCES `produtos` (`id`)
) ENGINE=InnoDB AUTO_INCREMENT=2 DEFAULT CHARSET=latin1;
/*!40101 SET character_set_client = @saved_cs_client */;

--
-- Dumping data for table `selecaoprodutos`
--

LOCK TABLES `selecaoprodutos` WRITE;
/*!40000 ALTER TABLE `selecaoprodutos` DISABLE KEYS */;
INSERT INTO `selecaoprodutos` VALUES (1,1,10);
/*!40000 ALTER TABLE `selecaoprodutos` ENABLE KEYS */;
UNLOCK TABLES;

--
-- Table structure for table `selprod`
--

DROP TABLE IF EXISTS `selprod`;
/*!40101 SET @saved_cs_client     = @@character_set_client */;
/*!40101 SET character_set_client = utf8 */;
CREATE TABLE `selprod` (
  `id` int(10) NOT NULL AUTO_INCREMENT,
  `produtos_id` int(10) NOT NULL,
  `quantidade` int(10) NOT NULL,
  PRIMARY KEY (`id`),
  KEY `selecao_produtos_fk` (`produtos_id`),
  CONSTRAINT `selecao_produtos_fk` FOREIGN KEY (`produtos_id`) REFERENCES `produtos` (`id`)
) ENGINE=InnoDB AUTO_INCREMENT=2 DEFAULT CHARSET=latin1;
/*!40101 SET character_set_client = @saved_cs_client */;

--
-- Dumping data for table `selprod`
--

LOCK TABLES `selprod` WRITE;
/*!40000 ALTER TABLE `selprod` DISABLE KEYS */;
INSERT INTO `selprod` VALUES (1,1,10);
/*!40000 ALTER TABLE `selprod` ENABLE KEYS */;
UNLOCK TABLES;

--
-- Table structure for table `tipo_frete`
--

DROP TABLE IF EXISTS `tipo_frete`;
/*!40101 SET @saved_cs_client     = @@character_set_client */;
/*!40101 SET character_set_client = utf8 */;
CREATE TABLE `tipo_frete` (
  `id` int(10) NOT NULL AUTO_INCREMENT,
  `tipo` varchar(10) NOT NULL,
  PRIMARY KEY (`id`)
) ENGINE=InnoDB AUTO_INCREMENT=6 DEFAULT CHARSET=latin1;
/*!40101 SET character_set_client = @saved_cs_client */;

--
-- Dumping data for table `tipo_frete`
--

LOCK TABLES `tipo_frete` WRITE;
/*!40000 ALTER TABLE `tipo_frete` DISABLE KEYS */;
INSERT INTO `tipo_frete` VALUES (3,'CIF'),(4,'FOB'),(5,'SEM FRETE');
/*!40000 ALTER TABLE `tipo_frete` ENABLE KEYS */;
UNLOCK TABLES;

--
-- Table structure for table `transportador`
--

DROP TABLE IF EXISTS `transportador`;
/*!40101 SET @saved_cs_client     = @@character_set_client */;
/*!40101 SET character_set_client = utf8 */;
CREATE TABLE `transportador` (
  `id` int(10) NOT NULL AUTO_INCREMENT,
  `razao_social` varchar(50) NOT NULL,
  `cnpj` varchar(50) DEFAULT NULL,
  `endereco_id` int(10) DEFAULT NULL,
  `contatos_id` int(10) DEFAULT NULL,
  PRIMARY KEY (`id`),
  KEY `fk_contatos_transportador` (`contatos_id`),
  KEY `fk_endereco_transportador` (`endereco_id`),
  CONSTRAINT `fk_contatos_transportador` FOREIGN KEY (`contatos_id`) REFERENCES `contatos` (`id`),
  CONSTRAINT `fk_endereco_transportador` FOREIGN KEY (`endereco_id`) REFERENCES `endereco` (`id`)
) ENGINE=InnoDB AUTO_INCREMENT=21 DEFAULT CHARSET=latin1;
/*!40101 SET character_set_client = @saved_cs_client */;

--
-- Dumping data for table `transportador`
--

LOCK TABLES `transportador` WRITE;
/*!40000 ALTER TABLE `transportador` DISABLE KEYS */;
INSERT INTO `transportador` VALUES (1,'Exata Cargo','12.345.678/0001-10',1,1),(2,'WBI','',NULL,NULL),(3,'MERCOSUL LINE NAVEGACAO','',NULL,NULL),(4,'GRANPORT','',NULL,NULL),(5,'OMNI WAY','',NULL,NULL),(6,'SR LOGISTICA','',NULL,NULL),(7,'ALIANCA NAVEGACAO E LOGISTICA LTDA','',NULL,NULL),(8,'GELOG - PINDAMONHANGABA','',NULL,NULL),(9,'MONTREAL CARGAS LOGISTICA DE TRANSPORTES LTDA ME','',NULL,NULL),(10,'COOP TRANSP. GER.SCS','',NULL,NULL),(11,'G N R 10 TRANSPORTES LTDA','',NULL,NULL),(12,'TSV TRANSPORTES SANTA VERONICA LTDA','',NULL,NULL),(13,'TRANS TOMAZ TRANS RODOVIARIOS DE CARGAS LTDA','',NULL,NULL),(14,'FORTE RIO TRANSPORTES LTDA','',NULL,NULL),(15,'PROPRIO','1',NULL,NULL),(16,'SEM FRETE','0000000000000',NULL,NULL),(17,'EFICACIA TRANSPORTES LTDA','03642171000374',NULL,NULL),(18,'2M COMERCIO DE DESCARTAVEIS E PRODUTOS','21917546000181',NULL,NULL),(19,'TNT MERCURIO CARGAS E ENCOMENDAS','95591723012206',NULL,NULL),(20,'JB ANDAIMES','09.518.795/0001-07',NULL,NULL);
/*!40000 ALTER TABLE `transportador` ENABLE KEYS */;
UNLOCK TABLES;

--
-- Table structure for table `user`
--

DROP TABLE IF EXISTS `user`;
/*!40101 SET @saved_cs_client     = @@character_set_client */;
/*!40101 SET character_set_client = utf8 */;
CREATE TABLE `user` (
  `id` int(10) NOT NULL AUTO_INCREMENT,
  `username` varchar(30) NOT NULL,
  `password` varchar(50) NOT NULL,
  PRIMARY KEY (`id`)
) ENGINE=InnoDB AUTO_INCREMENT=7 DEFAULT CHARSET=latin1;
/*!40101 SET character_set_client = @saved_cs_client */;

--
-- Dumping data for table `user`
--

LOCK TABLES `user` WRITE;
/*!40000 ALTER TABLE `user` DISABLE KEYS */;
INSERT INTO `user` VALUES (1,'ramon','123'),(2,'carol','91188041'),(3,'thiciane','2109'),(4,'raissara','1234'),(5,'katia','050708'),(6,'','');
/*!40000 ALTER TABLE `user` ENABLE KEYS */;
UNLOCK TABLES;

--
-- Table structure for table `usuarios`
--

DROP TABLE IF EXISTS `usuarios`;
/*!40101 SET @saved_cs_client     = @@character_set_client */;
/*!40101 SET character_set_client = utf8 */;
CREATE TABLE `usuarios` (
  `id` int(10) NOT NULL AUTO_INCREMENT,
  `nome` varchar(250) NOT NULL,
  `senha` varchar(250) NOT NULL,
  `tipo` varchar(250) NOT NULL,
  PRIMARY KEY (`id`)
) ENGINE=InnoDB AUTO_INCREMENT=2 DEFAULT CHARSET=latin1;
/*!40101 SET character_set_client = @saved_cs_client */;

--
-- Dumping data for table `usuarios`
--

LOCK TABLES `usuarios` WRITE;
/*!40000 ALTER TABLE `usuarios` DISABLE KEYS */;
INSERT INTO `usuarios` VALUES (1,'ramon','123','administrador');
/*!40000 ALTER TABLE `usuarios` ENABLE KEYS */;
UNLOCK TABLES;
/*!40103 SET TIME_ZONE=@OLD_TIME_ZONE */;

/*!40101 SET SQL_MODE=@OLD_SQL_MODE */;
/*!40014 SET FOREIGN_KEY_CHECKS=@OLD_FOREIGN_KEY_CHECKS */;
/*!40014 SET UNIQUE_CHECKS=@OLD_UNIQUE_CHECKS */;
/*!40101 SET CHARACTER_SET_CLIENT=@OLD_CHARACTER_SET_CLIENT */;
/*!40101 SET CHARACTER_SET_RESULTS=@OLD_CHARACTER_SET_RESULTS */;
/*!40101 SET COLLATION_CONNECTION=@OLD_COLLATION_CONNECTION */;
/*!40111 SET SQL_NOTES=@OLD_SQL_NOTES */;

-- Dump completed on 2018-04-18 19:00:08
